slug,displayName,website,status
accounting-office-rachunkovnia-sp-o-o,Accounting Office Rachunkovnia sp. O.o,https://rachunkovnia.pl,ready
ak-plus-biuro-rachunkowe-anna-klupczynska,AK-PLUS Biuro Rachunkowe Anna Klupczyńska,https://biurorachunkowe-poznan.eu,ready
akama-dorota-wysocka,AKAMA Dorota Wysocka,https://wysocka-biuro-rachunkowe.pl,ready
am-kancelaria-rachunkowa-sp-z-o-o,AM Kancelaria Rachunkowa Sp. z o.o,https://uslugiksiegowepoznan.pl,ready
amida-biuro-rachunkowe,AMIDA. Biuro rachunkowe,https://biurorachunkowe-amida.pl,ready
ankrys-us-ugi-ksiegowo-podatkowe-katarzyna-farbisz-ma-gorzata,Ankrys Usługi Księgowo-Podatkowe Katarzyna Farbisz Małgorzata,https://ankrysbiuro.pl,ready
as-ksiegowosc-sp-z-o-o,AS KSIĘGOWOŚĆ SP. Z O.O,,ready
ascs-consulting-biuro-rachunkowe,ASCS-Consulting Biuro Rachunkowe,https://ascs-consulting.pl,ready
awm-zarzadzanie-rachunkowoscia-spo-ka-z-o-o,AWM Zarządzanie Rachunkowością Spółka z o.o,https://awmzr.pl,ready
biura-rachunkowe-kryzysowa-ksiegowa-i-wspolnicy-malwowa-ksiegowa-z,"Biura Rachunkowe Kryzysowa księgowa i wspólnicy, Malwowa, Księgowa z",https://kryzysowa-ksiegowa.pl,ready
biuro-ksiegowe,BIURO KSIĘGOWE,https://ksiegowo.com.pl,ready
biuro-ksiegowe-point,Biuro księgowe POINT,https://poznanksiegowa.pl,ready
biuro-nix-us-ugi-ksiegowe-sp-z-o-o,BIURO-NIX Usługi Księgowe Sp.z o.o,https://biuro-nix.pl,ready
biuro-prawno-rachunkowe-maciej-skorupinski,Biuro Prawno-Rachunkowe Maciej Skorupiński,https://skorupinski.pl,ready
biuro-rachunkowe,Biuro Rachunkowe,https://podatkowezacisze.pl,ready
biuro-rachunkowe-2,Biuro rachunkowe,https://lkprogres.pl,ready
biuro-rachunkowe-ad-plus,Biuro Rachunkowe AD-plus,https://ad-plus.pl,ready
biuro-rachunkowe-adler,Biuro rachunkowe Adler,https://biuroadler.pl,ready
biuro-rachunkowe-agnieszka-miskiewicz,Biuro Rachunkowe Agnieszka Miśkiewicz,https://br-miskiewicz.pl,ready
biuro-rachunkowe-agus-agnieszka-augustyniak,Biuro Rachunkowe AGUS Agnieszka Augustyniak,https://agus-biurorachunkowe.com.pl,ready
biuro-rachunkowe-algor,Biuro Rachunkowe Algor,https://algor-podatki.pl,ready
biuro-rachunkowe-aneta-milewska-koz-owska-ksiegowosc-us-ugi-ksiegowe,Biuro Rachunkowe Aneta Milewska- Kozłowska Księgowość Usługi Księgowe,https://biurorachunkowemilewska.pl,ready
biuro-rachunkowe-atoran,Biuro Rachunkowe Atoran,https://atoran.pl,ready
biuro-rachunkowe-atp,Biuro rachunkowe ATP,https://atpksiegowosc.pl,ready
biuro-rachunkowe-b-b-i,Biuro Rachunkowe B&B I,https://biuro-bb.pl,ready
biuro-rachunkowe-brkm,Biuro Rachunkowe BRKM,https://brkm.com.pl,ready
biuro-rachunkowe-capital-sp-z-o-o,Biuro Rachunkowe Capital Sp. z o. o,https://br-capital.pl,ready
biuro-rachunkowe-clear-finance-sp-z-o-o,Biuro Rachunkowe Clear Finance Sp. z o.o,https://clearfinance.com.pl,ready
biuro-rachunkowe-consulting-tax-sp-z-o-o,Biuro Rachunkowe CONSULTING-TAX sp. z o.o,https://consulting-tax.com,ready
biuro-rachunkowe-dino,Biuro Rachunkowe Dino,https://dino.poznan.pl,ready
biuro-rachunkowe-dm-sp-z-oo,BIURO RACHUNKOWE DM SP. Z OO,,ready
biuro-rachunkowe-doradztwo-podatkowe,"Biuro Rachunkowe, doradztwo podatkowe",https://kdpo.pl,ready
biuro-rachunkowe-ekonomik,Biuro Rachunkowe EKONOMIK,https://ekonomiksc.pl,ready
biuro-rachunkowe-elzbieta-wawrzyniak,Biuro Rachunkowe Elżbieta Wawrzyniak,https://wawrzyniakbiuro.pl,ready
biuro-rachunkowe-gama-izabela-mitkowska,Biuro Rachunkowe GAMA Izabela Mitkowska,https://gama-rachunkowosc.pl,ready
biuro-rachunkowe-income-tax-weronika-greda,Biuro Rachunkowe Income Tax Weronika Gręda,https://incometax.pl,ready
biuro-rachunkowe-infi,Biuro rachunkowe Infi,https://infi.com.pl,ready
biuro-rachunkowe-infinitum-ksiegowosc-e-commerce,Biuro Rachunkowe INFINITUM księgowość e-commerce,https://infinitum-biurorachunkowe.pl,ready
biuro-rachunkowe-jw,Biuro Rachunkowe JW,https://biurorachunkowejw.pl,ready
biuro-rachunkowe-kaizen-mateusz-baczyk,Biuro rachunkowe KAIZEN Mateusz Bączyk,https://biuro-kaizen.pl,ready
biuro-rachunkowe-kmt-finance,Biuro Rachunkowe KMT Finance,https://kmtfinance.pl,ready
biuro-rachunkowe-krzysztof-bejgerowski,Biuro Rachunkowe Krzysztof Bejgerowski,https://brkb.pl,ready
biuro-rachunkowe-kurdynowski-ksiegowosc-poznan,Biuro Rachunkowe Kurdynowski Księgowość Poznań,https://kurdynowski.com.pl,ready
biuro-rachunkowe-lmb-office,Biuro Rachunkowe LMB Office,https://lmboffice.pl,ready
biuro-rachunkowe-m-team,Biuro Rachunkowe M-Team,https://m-team-biurorachunkowe.pl,ready
biuro-rachunkowe-merito-poznan,Biuro Rachunkowe Merito Poznań,https://biuromerito.pl,ready
biuro-rachunkowe-mk-bilans,Biuro Rachunkowe MK-BILANS,https://mkbilans.pl,ready
biuro-rachunkowe-mk-paw-owscy,Biuro Rachunkowe MK Pawłowscy,https://mkpawlowscy.com,ready
biuro-rachunkowe-mm-accounting-sp-z-o-o,Biuro Rachunkowe MM Accounting Sp. z o.o,https://mm-accounting.pl,ready
biuro-rachunkowe-molard,Biuro rachunkowe MOLARD,https://molard.pl,ready
biuro-rachunkowe-ms-monika-stefaniak-poznan,Biuro Rachunkowe MS Monika Stefaniak Poznań,https://biurorachunkowems.pl,ready
biuro-rachunkowe-natalia-wanat,Biuro Rachunkowe Natalia Wanat,https://ksiegowosc-wanat.com,ready
biuro-rachunkowe-pit,Biuro Rachunkowe PIT,https://pitbiuro.pl,ready
biuro-rachunkowe-pitownik-aneta-sniatkowska,Biuro Rachunkowe PITOWNIK Aneta Śniatkowska,https://pitownik.pl,ready
biuro-rachunkowe-poznan,Biuro Rachunkowe Poznań,https://br-ingenium.pl,ready
biuro-rachunkowe-poznan-2,Biuro Rachunkowe Poznań,https://kgjk.eu,ready
biuro-rachunkowe-poznan-3,Biuro Rachunkowe Poznań,https://biurorachunkowepoznan.org,ready
biuro-rachunkowe-poznan-drd,Biuro Rachunkowe Poznań DRD,https://drd.pl,ready
biuro-rachunkowe-poznan-jozwicki-partners,Biuro Rachunkowe Poznań Jóźwicki & Partners,https://mjn-jozwicki.pl,ready
biuro-rachunkowe-poznan-kz,Biuro Rachunkowe Poznań KZ,https://brkz.pl,ready
biuro-rachunkowe-poznan-noblesse,Biuro Rachunkowe Poznań Noblesse,https://noblesse.com.pl,ready
biuro-rachunkowe-poznan-nowoczesne-systemy-finansowe,Biuro rachunkowe Poznań Nowoczesne Systemy Finansowe,https://nsf.com.pl,ready
biuro-rachunkowe-pro-progress,Biuro rachunkowe Pro Progress,https://proprogress.pl,ready
biuro-rachunkowe-punkt-sp-z-o-o,Biuro Rachunkowe PUnKT Sp. z o.o,https://brpunkt.pl,ready
biuro-rachunkowe-sodelis,Biuro Rachunkowe SODELIS,https://sodelis.pl,ready
biuro-rachunkowe-stefanska-anna,Biuro Rachunkowe Stefańska Anna,https://biurorachunkowe-stefanska.pl,ready
biuro-rachunkowe-taxo,Biuro Rachunkowe TAXO,https://taxo-acc.pl,ready
biuro-rachunkowe-value-business,Biuro Rachunkowe Value Business,https://valuebusiness.pl,ready
biuro-rachunkowe-wera,Biuro Rachunkowe Wera,https://wera360.pl,ready
biuro-rozliczen-zagranicznych,Biuro rozliczeń zagranicznych,https://cuf-podatki.pl,ready
booq-sp-z-o-o,booq sp. z o.o,https://booq.com.pl,ready
bras7-pl-biuro-rachunkowe,bras7.pl Biuro Rachunkowe,https://bras7.pl,ready
business-profit-biuro-rachunkowe,Business Profit Biuro Rachunkowe,https://profit-poznan.pl,ready
centrum-us-ug-rachunkowych,Centrum Usług Rachunkowych,https://centrumrachunkowe.poznan.pl,ready
certyfikowane-biuro-rachunkowe-rzis-pl,Certyfikowane Biuro Rachunkowe RZIS.pl,https://rzis.pl,ready
fakturtax-biuro-rachunkowe-poznan,FakturTax biuro rachunkowe Poznań,https://fakturtax.pl,ready
ferma-cyfr,Ferma Cyfr,https://fermacyfr.pl,ready
fineko-accounting-poznan,Fineko. Accounting Poznan,https://fineko.com.pl,ready
g-tax,G-TAX,https://g-tax.pl,ready
grakon-sp-z-o-o,Grakon Sp. z o. o,https://grakon.com.pl,ready
hencel-biuro-rachunkowe-poznan,Hencel biuro rachunkowe Poznań,,ready
honett-us-ugi-ksiegowe-donata-kochanska,HONETT usługi księgowe Donata Kochańska,https://honett.pl,ready
in-come-sp-z-o-o,IN.COME Sp. z o. o,https://in-come.pl,ready
in-plus-tax,IN PLUS TAX,https://inplustax.pl,ready
infakt,inFakt,https://infakt.pl,ready
invoice-tax,Invoice-Tax,https://invoice-tax.pl,ready
jan-pietrzak,Jan Pietrzak,https://ksiegowyna6.pl,ready
jeske-magdalena-auditor-accounting-office,Jeske Magdalena auditor. accounting Office,https://mjbiuro.pl,ready
jp-joanna-niedworok-nowak,JP Joanna Niedworok-Nowak,https://ibiurorachunkowe.net,ready
kancelaria-centrum,Kancelaria Centrum,https://kancelariacentrum.pl,ready
kancelaria-doradcy-podatkowego-anna-cegielska,Kancelaria Doradcy Podatkowego Anna Cegielska,https://acega.pl,ready
kancelaria-gospodarcza-szatkowscy-i-wspolnicy-sp-z-o-o,Kancelaria Gospodarcza Szatkowscy i Wspólnicy Sp. z o.o,https://kancelariagospodarcza.pl,ready
kancelaria-laurus-sp-z-o-o,Kancelaria Laurus sp. z o.o,https://laurus.poznan.pl,ready
kancelaria-podatkowa-andrzej-nowak-sp-z-o-o,Kancelaria Podatkowa Andrzej Nowak Sp. z o.o,https://anowak.com.pl,ready
kancelaria-podatkowa-sas-tax,Kancelaria Podatkowa SAS TAX,https://sastax.pl,ready
kancelaria-rachunkowa-denarius-sp-z-o-o,Kancelaria Rachunkowa Denarius Sp. z o.o,https://denarius.com.pl,ready
kancelaria-rachunkowa-kmn-prestige-spo-ka-z-ograniczona,KANCELARIA RACHUNKOWA KMN PRESTIGE SPÓŁKA Z OGRANICZONĄ,https://kmnprestige.pl,ready
kancelaria-us-ug-ksiegowych-tyniec-partnerzy,Kancelaria Usług Księgowych Tyniec & Partnerzy,https://kancelariatyniec.pl,ready
katarzyna-burzynska,Katarzyna Burzyńska,https://obslugaspolek.pl,ready
ksiegowa-ewa-wojciechowska,Księgowa Ewa Wojciechowska,https://ksiegowa-sowa.pl,ready
ksiegowosc,Księgowość,,ready
ksiegowy-expert,Księgowy EXPERT,https://ksiegowyexpert.pl,ready
libra-biuro-rachunkowe,Libra Biuro Rachunkowe,https://librabiuro.pl,ready
magdalena-mielcarek,Magdalena Mielcarek,https://mmtax.pl,ready
maria-lipka,Maria Lipka,https://fachowaksiegowa.pl,ready
marta-sowa,Marta Sowa,https://ksiegowa-sowa.pl,ready
md-biuro-rachunkowe-ma-gorzata-dudziak,Md Biuro Rachunkowe Małgorzata Dudziak,https://md-biurorachunkowe.com,ready
mega-lex-corp,Mega Lex Corp,https://megalex.pl,ready
nowypit-pl-biuro-prawno-rachunkowe,Nowypit.pl Biuro Prawno Rachunkowe,https://nowypit.pl,ready
optimum-accounting-office-poznan,OPTIMUM - Accounting Office Poznan,https://optimumbiuro.com.pl,ready
pg-partner-gospodarczy,PG Partner Gospodarczy,https://partner-gospodarczy.pl,ready
pietkun-kancelaria-rachunkowa,Pietkun Kancelaria Rachunkowa,https://pietkunkancelaria.pl,ready
polskie-centrum-rachunkowosci,Polskie Centrum Rachunkowości,https://polskiecentrumrachunkowosci.pl,ready
profit-biuro-rachunkowe,Profit. Biuro rachunkowe,https://profitrachunki.pl,ready
renata-pempera-biuro-rachunkowe,Renata Pempera Biuro Rachunkowe,https://pempera.pl,ready
smctax,SmcTax,https://smctax.pl,ready
sobieraj-i-kuzmin-sp-z-o-o-biuro-rachunkowe-poznan,Sobieraj i Kuźmin Sp. z o.o. Biuro rachunkowe Poznań,https://doradztwopodatkowe-sik.pl,ready
spectrum-biuro-rachunkowe,Spectrum Biuro Rachunkowe,https://biuro-spectrum.pl,ready
taxcoach-sp-z-o-o-biuro-rachunkowe,TaxCoach Sp. z o.o. Biuro rachunkowe,https://taxcoach.pl,ready
taxeo-accounting-office-poznan,Taxeo Accounting Office Poznań,https://gdansk.taxeo.pl,ready
taxodus-biuro-ksiegowe-poznan-awica-biuro-rachunkowe,Taxodus Biuro Księgowe Poznań Ławica Biuro Rachunkowe,https://taxodus.pl,ready
taxshield-biuro-rachunkowe-online,TaxShield Biuro Rachunkowe Online,https://taxshield.pl,ready
vespa-biuro-rachunkowe,VESPA Biuro Rachunkowe,https://ksiegowepoznan.pl,ready
wikom-biuro-rachunkowe,Wikom Biuro Rachunkowe,https://wikombiuro.pl,ready
zmarz-jolanta-biuro-rachunkowe,Zmarz Jolanta. Biuro rachunkowe,https://zmarz.poznan.pl,ready
