imie,strona,claimed_email,verified_email,unverified_email,verified_count,unverified_count,scanned_urls
Wikom Biuro Rachunkowe,https://wikombiuro.pl,wikom@wikombiuro.pl,,wikom@wikombiuro.pl,0,1,https://wikombiuro.pl | https://wikombiuro.pl/wp-content/uploads/oxygen/css/kontakt-wspolpraca-226.css?cache=1642761313& | https://wikombiuro.pl/wp-content/uploads/oxygen/css/klienci-o-nas-referencje-227.css?cache=1642761313& | https://wikombiuro.pl/kontakt/ | https://wikombiuro.pl/kontakt
IN.COME Sp. z o. o.,https://in-come.pl,kancelaria@in-come.pl,kancelaria@in-come.pl,,1,0,https://in-come.pl | https://in-come.pl/kontakt/ | https://in-come.pl/uslugi/ksiegowosc-spolek-cywilnych/ | https://in-come.pl/uslugi/ksiegowosc-spolek-prawa-handlowego/ | https://in-come.pl/files/assets/1/download/Certyfikat-ksiegowego-e1378733911432.jpg | https://in-come.pl/kontakt
Accounting Office Rachunkovnia sp. O.o.,https://rachunkovnia.pl,biuro@rachunkovnia.pl | kariera@rachunkovnia.pl,biuro@rachunkovnia.pl,kariera@rachunkovnia.pl,1,1,https://rachunkovnia.pl | https://rachunkovnia.pl/kontakt/ | https://rachunkovnia.pl/Obsluga-ksiegowa/ | https://rachunkovnia.pl/kontakt
Biuro Rachunkowe Natalia Wanat,https://ksiegowosc-wanat.com,natalia@ksiegowosc-wanat.com,natalia@ksiegowosc-wanat.com,,1,0,https://ksiegowosc-wanat.com
JP Joanna Niedworok-Nowak,https://ibiurorachunkowe.net,biuro@ibiurorachunkowe.net,biuro@ibiurorachunkowe.net,,1,0,https://ibiurorachunkowe.net | https://ibiurorachunkowe.net/prowadzenie-biezacych-spraw-ksiegowych.html
Kancelaria Rachunkowa Denarius Sp. z o.o.,https://denarius.com.pl,kancelaria@denarius.com.pl,kancelaria@denarius.com.pl,,1,0,https://denarius.com.pl | https://denarius.com.pl/ksiegi-on-line | https://denarius.com.pl/kontakt | https://denarius.com.pl/8-pl/1-o-nas | https://denarius.com.pl/kontakt/
Biuro Rachunkowe Poznań Jóźwicki & Partners,https://mjn-jozwicki.pl,kontakt@mjn-jozwicki.pl | mjozwicki@mjn-jozwicki.pl | kbartkowiak@mjn-jozwicki.pl | mlewandowska@mjn-jozwicki.pl | mwilczak@mjn-jozwicki.pl | dkrolak@mjn-jozwicki.pl | jkorcz@mjn-jozwicki.pl | tadamiec@mjn-jozwicki.pl | mjozwicka@mjn-jozwicki.pl,kontakt@mjn-jozwicki.pl | mjozwicki@mjn-jozwicki.pl | kbartkowiak@mjn-jozwicki.pl | mlewandowska@mjn-jozwicki.pl | mwilczak@mjn-jozwicki.pl | dkrolak@mjn-jozwicki.pl | jkorcz@mjn-jozwicki.pl | tadamiec@mjn-jozwicki.pl | mjozwicka@mjn-jozwicki.pl,,9,0,https://mjn-jozwicki.pl | https://mjn-jozwicki.pl/oferta/obszary-dzialan/ksiegowosc/ | https://mjn-jozwicki.pl/oferta/obszary-dzialan/outsourcing-obowiazkow-glownej-ksiegowej/ | https://mjn-jozwicki.pl/kontakt | https://mjn-jozwicki.pl/kontakt/ | https://mjn-jozwicki.pl/o-nas | https://mjn-jozwicki.pl/zespol
AM Kancelaria Rachunkowa Sp. z o.o.,https://uslugiksiegowepoznan.pl,a.ewertowska@amkancelaria.info.pl | a.lesniewska@amkancelaria.info.pl | p.ziolkowska@amkancelaria.info.pl | sekretariat@amkancelaria.info.pl | a.pacek@amkancelaria.info.pl | ambiuro@amkancelaria.info.pl | d.marciniak@amkancelaria.info.pl | e.chojnacka@amkancelaria.info.pl | e.sawikowska@amkancelaria.info.pl | j.cieplicka@amkancelaria.info.pl | l.komorowska@amkancelaria.info.pl,a.ewertowska@amkancelaria.info.pl | a.lesniewska@amkancelaria.info.pl | p.ziolkowska@amkancelaria.info.pl | sekretariat@amkancelaria.info.pl | a.pacek@amkancelaria.info.pl | ambiuro@amkancelaria.info.pl | d.marciniak@amkancelaria.info.pl | e.chojnacka@amkancelaria.info.pl | e.sawikowska@amkancelaria.info.pl | j.cieplicka@amkancelaria.info.pl | l.komorowska@amkancelaria.info.pl,,11,0,https://uslugiksiegowepoznan.pl | https://uslugiksiegowepoznan.pl/kontakt/ | https://uslugiksiegowepoznan.pl/kontakt | https://uslugiksiegowepoznan.pl/o-nas
AWM Zarządzanie Rachunkowością Spółka z o.o.,https://awmzr.pl,biuro@awmzr.pl,biuro@awmzr.pl,,1,0,https://awmzr.pl | https://awmzr.pl/o-nas/ | https://awmzr.pl/kontakt/ | https://awmzr.pl/wiedza/ksef-biuro-rachunkowe-poznan/ | https://awmzr.pl/o-nas | https://awmzr.pl/kontakt
ASCS-Consulting Biuro Rachunkowe,https://ascs-consulting.pl,biuro@ascs-consulting.pl,biuro@ascs-consulting.pl,,1,0,https://ascs-consulting.pl | https://ascs-consulting.pl/kontakt | https://ascs-consulting.pl/kontakt/ | https://ascs-consulting.pl/o-nas
OPTIMUM - Accounting Office Poznan,https://optimumbiuro.com.pl,optimum@optimumbiuro.com.pl,optimum@optimumbiuro.com.pl,,1,0,https://optimumbiuro.com.pl | https://optimumbiuro.com.pl/kontakt | https://optimumbiuro.com.pl/oferta/uslugi-ksiegowe | https://optimumbiuro.com.pl/modele-wspolpracy/ksiegowosc-tradycyjna | https://optimumbiuro.com.pl/modele-wspolpracy/ksiegowosc-w-chmurze | https://optimumbiuro.com.pl/kontakt/
Kancelaria Podatkowa Andrzej Nowak Sp. z o.o.,https://anowak.com.pl,biuro@anowak.com.pl,biuro@anowak.com.pl,,1,0,https://anowak.com.pl | https://anowak.com.pl/ksiegowosc/ | https://anowak.com.pl/dofinansowanie-z-pup-zalozenie-dzialalnosci-ksiegowosc/ | https://anowak.com.pl/o-nas/ | https://anowak.com.pl/kontakt/ | https://anowak.com.pl/za-nami-intensywne-spotkanie-zarzadu-oraz-menedzerow-zespolow-ksiegowych-i-kadrowych-kancelarii-kpan/ | https://anowak.com.pl/kontakt | https://anowak.com.pl/contact | https://anowak.com.pl/contact-us | https://anowak.com.pl/o-nas | https://anowak.com.pl/about | https://anowak.com.pl/zespol | https://anowak.com.pl/team
Biuro Rachunkowe EKONOMIK,https://ekonomiksc.pl,biuro@ekonomiksc.pl,biuro@ekonomiksc.pl,,1,0,https://ekonomiksc.pl | https://ekonomiksc.pl/o-nas/ | https://ekonomiksc.pl/uslugi-ksiegowe-i-podatkowe/ | https://ekonomiksc.pl/kontakt-biuro-rachunkowe-ekonomik-poznan/ | https://ekonomiksc.pl/biuro-rachunkowe-poznan-wilda/ | https://ekonomiksc.pl/kontakt | https://ekonomiksc.pl/kontakt/ | https://ekonomiksc.pl/o-nas
Biuro Rachunkowe Merito Poznań,https://biuromerito.pl,kontakt@biuromerito.pl,kontakt@biuromerito.pl,,1,0,https://biuromerito.pl
Spectrum Biuro Rachunkowe,https://biuro-spectrum.pl,kontakt@biuro-spectrum.pl,kontakt@biuro-spectrum.pl,,1,0,https://biuro-spectrum.pl | https://biuro-spectrum.pl/wp-content/plugins/contact-form-7/includes/css/styles.css?ver=6.1.5
Kancelaria Usług Księgowych Tyniec & Partnerzy,https://kancelariatyniec.pl,biuro@kancelariatyniec.pl,biuro@kancelariatyniec.pl,,1,0,https://kancelariatyniec.pl | https://kancelariatyniec.pl/o-nas/ | https://kancelariatyniec.pl/oferta/obsluga-ksiegowa/ | https://kancelariatyniec.pl/kontakt/ | https://kancelariatyniec.pl/service/obsluga-ksiegowa/ | https://kancelariatyniec.pl/kontakt | https://kancelariatyniec.pl/o-nas
Biuro Rachunkowe Poznań DRD 📖,https://drd.pl,biuro@drd.pl,biuro@drd.pl,,1,0,"https://drd.pl | https://drd.pl/kontakt,21.html | https://drd.pl/ksiegowosc-poznan,653.html | https://drd.pl/ksiegowosc,105.html | https://drd.pl/kontakt"
Biuro Rachunkowe Stefańska Anna,https://biurorachunkowe-stefanska.pl,annast@op.pl | anna.stefanska.biuro@gmail.com,,annast@op.pl | anna.stefanska.biuro@gmail.com,0,2,https://biurorachunkowe-stefanska.pl | https://biurorachunkowe-stefanska.pl/o-nas | https://biurorachunkowe-stefanska.pl/kontakt | https://biurorachunkowe-stefanska.pl/oferta/ksiegowosc | https://biurorachunkowe-stefanska.pl/kontakt/
FakturTax biuro rachunkowe Poznań,https://fakturtax.pl,filip@fakturtax.pl | kontakt@fakturtax.pl,kontakt@fakturtax.pl,filip@fakturtax.pl,1,1,https://fakturtax.pl | https://fakturtax.pl/files/dynamicContent/sites/w62raq/images/pl/webpage_1/mmbtob81/element_24140/rwdMode_4/640x471/biuro-rachunkowe-poznan.webp | https://fakturtax.pl/dlaczego-biuro-rachunkowe-fakturtax | https://fakturtax.pl/zmiana-ksiegowego-jak-zmienic-biuro-rachunkowe-gdzie-zglosic | https://fakturtax.pl/ksiegowosc_dla_malych_firm | https://fakturtax.pl/cennik-pelna-ksiegowosc-poznan | https://fakturtax.pl/biuro-wirtualne-poznan | https://fakturtax.pl/ksiegowosc_online_poznaniu | https://fakturtax.pl/kontakt | https://fakturtax.pl/dlaczego-biuro-rachunkowe-fakturtax?anchorElement=element_14918 | https://fakturtax.pl/biuro+rachunkowe+grunwald+w+poznaniu | https://fakturtax.pl/ksiegowosc-dla-lekarzy | https://fakturtax.pl/ksiegowosc-dla-organizacji
Certyfikowane Biuro Rachunkowe RZIS.pl,https://rzis.pl,kontakt@rzis.pl,kontakt@rzis.pl,,1,0,https://rzis.pl | https://rzis.pl/o-nas-ksiegowy-poznan/ | https://rzis.pl/ksiega-przychodow-i-rozchodow-kpir/ | https://rzis.pl/pelna-ksiegowosc/ | https://rzis.pl/doradca-ksiegowy-podatkowy-poznan/ | https://rzis.pl/wirtualne-biuro-poznan/ | https://rzis.pl/cennik-biuro-rachunkowe-ksiegowe/ | https://rzis.pl/kontakt/ | https://rzis.pl/kontakt | https://rzis.pl/o-nas
"Biuro Rachunkowe Poznań ""KZ""",https://brkz.pl,biuro@brkz.pl,biuro@brkz.pl,,1,0,https://brkz.pl | https://brkz.pl/kontakt | https://brkz.pl/kontakt/ | https://brkz.pl/o-nas
Biuro Rachunkowe Value Business - Księgowość,https://valuebusiness.pl,biuro@valuebusiness.pl,biuro@valuebusiness.pl,,1,0,https://valuebusiness.pl | https://valuebusiness.pl/kontakt | https://valuebusiness.pl/kontakt/ | https://valuebusiness.pl/contact | https://valuebusiness.pl/contact-us | https://valuebusiness.pl/o-nas | https://valuebusiness.pl/about | https://valuebusiness.pl/zespol | https://valuebusiness.pl/team
Business Profit Biuro Rachunkowe,https://profit-poznan.pl,biuro@profit-poznan.pl,biuro@profit-poznan.pl,,1,0,https://profit-poznan.pl | https://profit-poznan.pl/o-nas.html | https://profit-poznan.pl/kontakt.html
Biuro Rachunkowe TAXO,https://taxo-acc.pl,kontakt@taxo-acc.pl,kontakt@taxo-acc.pl,,1,0,https://taxo-acc.pl | https://taxo-acc.pl/kontakt | https://taxo-acc.pl/kontakt/ | https://taxo-acc.pl/zespol
Biuro Rachunkowe Poznań 👑 Noblesse,https://noblesse.com.pl,biuro@noblesse.com.pl,biuro@noblesse.com.pl,,1,0,https://noblesse.com.pl | https://noblesse.com.pl/biuro-rachunkowe-poznan/ | https://noblesse.com.pl/biuro-rachunkowe-warszawa/ | https://noblesse.com.pl/kontakt/ | https://noblesse.com.pl/uslugi-ksiegowe/ | https://noblesse.com.pl/kontakt | https://noblesse.com.pl/contact | https://noblesse.com.pl/o-nas | https://noblesse.com.pl/zespol
Biuro Rachunkowe - Podatkowe Zacisze,https://podatkowezacisze.pl,biuro@podatkowezacisze.pl,biuro@podatkowezacisze.pl,,1,0,https://podatkowezacisze.pl | https://podatkowezacisze.pl/ksiegi-handlowe.html | https://podatkowezacisze.pl/ksiegi-przychodow-rozchodow.html
Biuro Rachunkowe BRKM,https://brkm.com.pl,kontakt@brkm.com.pl,kontakt@brkm.com.pl,,1,0,https://brkm.com.pl | https://brkm.com.pl/o-nas/ | https://brkm.com.pl/pelna-ksiegowosc/ | https://brkm.com.pl/wirtualne-biuro-poznan/ | https://brkm.com.pl/cennik-biuro-rachunkowe-ksiegowe/ | https://brkm.com.pl/kontakt/ | https://brkm.com.pl/biuro-rachunkowe-wrzesnia/ | https://brkm.com.pl/kontakt | https://brkm.com.pl/o-nas
AK-PLUS Biuro Rachunkowe Anna Klupczyńska,https://biurorachunkowe-poznan.eu,kontakt@biurorachunkowe-poznan.eu | biuro@biurorachunkowe-poznan.eu,kontakt@biurorachunkowe-poznan.eu | biuro@biurorachunkowe-poznan.eu,,2,0,https://biurorachunkowe-poznan.eu | https://biurorachunkowe-poznan.eu/wp-content/uploads/2020/05/cropped-favicon-akplus-biuro-rachunkowe-poznan-1-32x32.png | https://biurorachunkowe-poznan.eu/wp-content/uploads/2020/05/cropped-favicon-akplus-biuro-rachunkowe-poznan-1-192x192.png | https://biurorachunkowe-poznan.eu/wp-content/uploads/2020/05/cropped-favicon-akplus-biuro-rachunkowe-poznan-1-180x180.png | https://biurorachunkowe-poznan.eu/o-nas/ | https://biurorachunkowe-poznan.eu/ksiegowosc-dla-it/ | https://biurorachunkowe-poznan.eu/ksiegowosc-dla-lekarzy/ | https://biurorachunkowe-poznan.eu/ksiegowosc-dla-programistow/ | https://biurorachunkowe-poznan.eu/ksiegowosc-dla-jednoosobowej-dzialanosci-gospodarczej/ | https://biurorachunkowe-poznan.eu/ksiegowosc-dla-prawnikow/ | https://biurorachunkowe-poznan.eu/pelna-ksiegowosc-w-poznaniu/ | https://biurorachunkowe-poznan.eu/ksiegi-przychodow-i-rozchodow-w-poznaniu/ | https://biurorachunkowe-poznan.eu/ksiegowosc-internetowa/
Biuro Rachunkowe INFINITUM księgowość e-commerce,https://infinitum-biurorachunkowe.pl,biuro@infinitum-biurorachunkowe.pl,biuro@infinitum-biurorachunkowe.pl,,1,0,https://infinitum-biurorachunkowe.pl | https://infinitum-biurorachunkowe.pl/o-nas/ | https://infinitum-biurorachunkowe.pl/ksiegowosc-dla-e-commerce/ | https://infinitum-biurorachunkowe.pl/ksiegi-rachunkowe/ | https://infinitum-biurorachunkowe.pl/ksiegowosc-uproszczona/ | https://infinitum-biurorachunkowe.pl/category/blog-ksiegowy/ | https://infinitum-biurorachunkowe.pl/cit-estonski-w-ksiegowosc-e-commerce/ | https://infinitum-biurorachunkowe.pl/kontakt/ | https://infinitum-biurorachunkowe.pl/kontakt | https://infinitum-biurorachunkowe.pl/contact | https://infinitum-biurorachunkowe.pl/contact-us | https://infinitum-biurorachunkowe.pl/o-nas | https://infinitum-biurorachunkowe.pl/about
Biuro Rachunkowe Wera,https://wera360.pl,jan@gmail.com,jan@gmail.com,,1,0,https://wera360.pl | https://wera360.pl/wp-content/plugins/contact-form-7/includes/css/styles.css | https://wera360.pl/o-nas/ | https://wera360.pl/kontakt/ | https://wera360.pl/kontakt | https://wera360.pl/o-nas
Biuro Rachunkowe PIT,https://pitbiuro.pl,biuro@pitbiuro.pl,biuro@pitbiuro.pl,,1,0,https://pitbiuro.pl
Biuro rachunkowe Poznań Nowoczesne Systemy Finansowe,https://nsf.com.pl,lukasz.biernat@nsf.com.pl,lukasz.biernat@nsf.com.pl,,1,0,"https://nsf.com.pl | https://nsf.com.pl/wp-content/plugins/contact-form-7/includes/css/A.styles.css,qver=5.7.6.pagespeed.cf.BWVnRDAE9I.css | https://nsf.com.pl/o-nas/ | https://nsf.com.pl/uslugi/uslugi-ksiegowe/ | https://nsf.com.pl/kontakt/ | https://nsf.com.pl/elements/o-nas/ | https://nsf.com.pl/kontakt | https://nsf.com.pl/o-nas"
Taxodus Biuro Księgowe Poznań Ławica Biuro Rachunkowe - Księgowość Kadry i Płace,https://taxodus.pl,sekretariat@taxodus.pl,,sekretariat@taxodus.pl,0,1,https://taxodus.pl | https://taxodus.pl/oferta/ksiegowosc | https://taxodus.pl/kontakt | https://taxodus.pl/kontakt/
Biuro Rachunkowe MS Monika Stefaniak Poznań,https://biurorachunkowems.pl,m.sienkowska@wp.pl,,m.sienkowska@wp.pl,0,1,https://biurorachunkowems.pl
Biuro Rachunkowe Poznań - Ingenium Sp. z o.o.,https://br-ingenium.pl,info@br-ingenium.pl,info@br-ingenium.pl,,1,0,https://br-ingenium.pl | https://br-ingenium.pl/o-nas/ | https://br-ingenium.pl/ksiega-przychodow-i-rozchodow/ | https://br-ingenium.pl/pelna-ksiegowosc/ | https://br-ingenium.pl/biuro-rachunkowe-poznan-cennik/ | https://br-ingenium.pl/kontakt/ | https://br-ingenium.pl/kontakt | https://br-ingenium.pl/o-nas
Sobieraj i Kuźmin Sp. z o.o. Biuro rachunkowe Poznań - KSIĘGOWOŚĆ | KADRY | DORADZTWO PODATKOWE,https://doradztwopodatkowe-sik.pl,biuro@doradztwopodatkowe-sik.pl,biuro@doradztwopodatkowe-sik.pl,,1,0,https://doradztwopodatkowe-sik.pl | https://doradztwopodatkowe-sik.pl/doradztwo-ksiegowe-poznan/ | https://doradztwopodatkowe-sik.pl/firma-biuro-rachunkowe-poznan-cena-uslug-ksiegowych/ | https://doradztwopodatkowe-sik.pl/uslugi-ksiegowe-dla-firm-poznan/ | https://doradztwopodatkowe-sik.pl/o-nas/ | https://doradztwopodatkowe-sik.pl/kontakt/ | https://doradztwopodatkowe-sik.pl/telepin-dlaczego-kontakt-z-fiskusem-to-nie-bulka-z-maslem/ | https://doradztwopodatkowe-sik.pl/kontakt | https://doradztwopodatkowe-sik.pl/o-nas
Fineko. Accounting Poznan,https://fineko.com.pl,kancelaria@fineko.com.pl,kancelaria@fineko.com.pl,,1,0,https://fineko.com.pl | https://fineko.com.pl/o-nas | https://fineko.com.pl/contact
TaxCoach Sp. z o.o. Biuro rachunkowe - KSIĘGOWOŚĆ | KADRY | PODATKI | ZARZĄDZANIE FINANSAMI | KONSULTING FINANSOWY,https://taxcoach.pl,ksiegowosc@taxcoach.pl,ksiegowosc@taxcoach.pl,,1,0,https://taxcoach.pl | https://taxcoach.pl/css/forms/ContactForm.css?v=2026:Mar:04:03:46&-3666763984762968088 | https://taxcoach.pl/css/modal-contact.css?v=2026:Mar:04:03:46&701581013522241492 | https://taxcoach.pl/kontakt/ | https://taxcoach.pl/ksiegowosc/ | https://taxcoach.pl/o-nas/ | https://taxcoach.pl/sprzedaz-biura-ksiegowego/ | https://taxcoach.pl/sprzedaj-biuro-ksiegowe-i-wycofaj-sie-z-biznesu/ | https://taxcoach.pl/files/big-jak-pomoglismy-rozwiazac-ich-problemy-ksiegowe.mp4 | https://taxcoach.pl/ksiegowosc-dla-partnerow-uber-bolt-i-free-now/ | https://taxcoach.pl/ksiegowosc-dla-jdg/ | https://taxcoach.pl/ksiegowosc-dla-spolek/ | https://taxcoach.pl/zakladanie-i-obsluga-ksiegowa-polskich-spolek-oraz-oddzialow-firm-zagranicznych/
Mega Lex Corp.,https://megalex.pl,kontakt@megalex.pl,kontakt@megalex.pl,,1,0,https://megalex.pl | https://megalex.pl/kontakt/ | https://megalex.pl/zakres-uslug/pelna-ksiegowosc/ | https://megalex.pl/kontakt | https://megalex.pl/o-nas
Biuro Rachunkowe JW,https://biurorachunkowejw.pl,biuro@biurorachunkowejw.pl,biuro@biurorachunkowejw.pl,,1,0,https://biurorachunkowejw.pl | https://biurorachunkowejw.pl/o-nas/certyfikowane-biuro-rachunkowe-poznan/ | https://biurorachunkowejw.pl/cennik/dobre-i-tanie-biuro-ksi%C4%99gowe/ | https://biurorachunkowejw.pl/kontakt/pozna%C5%84-pokrzywno%2C-szczepankowo%2C-krzesiny/ | https://biurorachunkowejw.pl/files/dynamicContent/sites/lk2zja/images/pl/layout_1/lsf2usag/element_181/0/rwdMode_1/2400x359/Uslugi-ksiegowe-Pokrzywno-Nowe-Miasto-Poznan-i-okolice.jpg | https://biurorachunkowejw.pl/files/dynamicContent/sites/lk2zja/images/pl/layout_1/lsf2usag/element_181/1/rwdMode_1/2400x359/Biuro-rachunkowe-Pokrzywno-Szczepankowo-Nowe-Miasto-Poznan-i-okolice.jpg | https://biurorachunkowejw.pl/files/dynamicContent/sites/lk2zja/images/pl/layout_1/lsf2usag/element_181/2/rwdMode_1/2400x359/Tanie-biuro-rachunkowe-Poznan.jpg | https://biurorachunkowejw.pl/o-nas/certyfikowane-biuro-rachunkowe-poznan/?anchorElement=element_3414&amp;scrollMargin=180 | https://biurorachunkowejw.pl/o-nas/certyfikowane-biuro-rachunkowe-poznan/?anchorElement=element_3410&amp;scrollMargin=115 | https://biurorachunkowejw.pl/kontakt
Grakon Sp. z o. o.,https://grakon.com.pl,biuro@grakon.com.pl,biuro@grakon.com.pl,,1,0,https://grakon.com.pl | https://grakon.com.pl/web/grakon/ksiegowosc/ | https://grakon.com.pl/web/grakon/o-nas/ | https://grakon.com.pl/web/grakon/kontakt/ | http://grakon.com.pl/web/grakon/o-nas/ | http://grakon.com.pl/web/grakon/ksiegowosc/ | https://grakon.com.pl/kontakt | https://grakon.com.pl/kontakt/ | https://grakon.com.pl/o-nas
Biuro rachunkowe MOLARD,https://molard.pl,biuro@molard.pl,biuro@molard.pl,,1,0,https://molard.pl | https://molard.pl/wp-content/plugins/contact-form-7/includes/css/styles.css?ver=6.1.5 | https://molard.pl/wp-content/themes/astra/assets/css/minified/compatibility/contact-form-7-main.min.css?ver=4.12.3 | https://molard.pl/cennik-ksiegowosc/ | https://molard.pl/o-nas
Biuro Rachunkowe PUnKT Sp. z o.o.,https://brpunkt.pl,biuro@brpunkt.pl,biuro@brpunkt.pl,,1,0,https://brpunkt.pl | https://brpunkt.pl/biuro-rachunkowe-punkt/feed/ | https://brpunkt.pl/ksiegowosc/
Biuro Rachunkowe M-Team,https://m-team-biurorachunkowe.pl,kontakt@m-team-biurorachunkowe.pl,kontakt@m-team-biurorachunkowe.pl,,1,0,https://m-team-biurorachunkowe.pl | https://m-team-biurorachunkowe.pl/wp-content/themes/misjateam/css/bootstrap.min.css?ver=3.7 | https://m-team-biurorachunkowe.pl/wp-content/themes/misjateam/style.css?ver=1738072988 | https://m-team-biurorachunkowe.pl/o-nas/ | https://m-team-biurorachunkowe.pl/kontakt/ | https://m-team-biurorachunkowe.pl/uslugi/ksiegi-handlowe/ | https://m-team-biurorachunkowe.pl/kontakt | https://m-team-biurorachunkowe.pl/o-nas
Księgowy EXPERT,https://ksiegowyexpert.pl,biuro@ksiegowyexpert.pl,,biuro@ksiegowyexpert.pl,0,1,https://ksiegowyexpert.pl | https://ksiegowyexpert.pl/wp-content/plugins/contact-form-7/includes/css/styles.css?ver=4.8 | https://ksiegowyexpert.pl/kontakt/ | https://ksiegowyexpert.pl/kontakt | https://ksiegowyexpert.pl/contact | https://ksiegowyexpert.pl/contact-us | https://ksiegowyexpert.pl/o-nas | https://ksiegowyexpert.pl/about | https://ksiegowyexpert.pl/zespol | https://ksiegowyexpert.pl/team
Biuro rachunkowe - LK PROGRES Lucyna Kaczmarek,https://lkprogres.pl,lucyna@lkprogres.pl,lucyna@lkprogres.pl,,1,0,https://lkprogres.pl | https://lkprogres.pl/oferta/obsluga-ksiegowa | https://lkprogres.pl/oferta/obsluga-ksiegowo-placowa | https://lkprogres.pl/kontakt | https://lkprogres.pl/kontakt/
Biuro rachunkowe Adler,https://biuroadler.pl,info@biuroadler.pl,info@biuroadler.pl,,1,0,https://biuroadler.pl | https://biuroadler.pl/uslugi-ksiegowe/ | https://biuroadler.pl/obsluga-ksiegowa-dla-firm/ | https://biuroadler.pl/obsluga-ksiegowa-spolek/ | https://biuroadler.pl/uslugi-ksiegowe/rozliczenia-vat/ | https://biuroadler.pl/kontakt/ | https://biuroadler.pl/kontakt | https://biuroadler.pl/contact | https://biuroadler.pl/contact-us | https://biuroadler.pl/o-nas | https://biuroadler.pl/about | https://biuroadler.pl/zespol | https://biuroadler.pl/team
Renata Pempera Biuro Rachunkowe,https://pempera.pl,biuro@pempera.pl,biuro@pempera.pl,,1,0,https://pempera.pl | https://pempera.pl/pelna-ksiegowosc | https://pempera.pl/o-nas | https://pempera.pl/kontakt | https://pempera.pl/kontakt/
G-TAX,https://g-tax.pl,biuro@g-tax.pl,biuro@g-tax.pl,,1,0,https://g-tax.pl | https://g-tax.pl/wp-content/plugins/contact-form-7/includes/css/styles.css?ver=4.4.2 | https://g-tax.pl/wp-content/plugins/contact-form-7/includes/js/jquery-ui/themes/smoothness/jquery-ui.min.css?ver=1.10.3 | https://g-tax.pl/biuro/ | https://g-tax.pl/biuro/o-biurze/ | https://g-tax.pl/biuro/o-wlascicielu/ | https://g-tax.pl/biuro/referencje/ | https://g-tax.pl/ksiegi-rachunkowe/ | https://g-tax.pl/kontakt/ | https://g-tax.pl/kontakt
Biuro Rachunkowe Agnieszka Miśkiewicz,https://br-miskiewicz.pl,biuro@br-miskiewicz.pl,biuro@br-miskiewicz.pl,,1,0,https://br-miskiewicz.pl
Marta Sowa,https://ksiegowa-sowa.pl,biuro@ksiegowa-sowa.pl,biuro@ksiegowa-sowa.pl,,1,0,https://ksiegowa-sowa.pl | https://ksiegowa-sowa.pl/oferta/uslugi-ksiegowe | https://ksiegowa-sowa.pl/oferta/uslugi-ksiegowe/ | https://ksiegowa-sowa.pl/about
PG Partner Gospodarczy | Poznań,https://partner-gospodarczy.pl,bilans@partner-gospodarczy.pl | zapytania@partner-gospodarczy.pl | gdansk@partner-gospodarczy.pl | katowice@partner-gospodarczy.pl | krakow@partner-gospodarczy.pl | lodz@partner-gospodarczy.pl | poznan@partner-gospodarczy.pl,bilans@partner-gospodarczy.pl | zapytania@partner-gospodarczy.pl | gdansk@partner-gospodarczy.pl | katowice@partner-gospodarczy.pl | krakow@partner-gospodarczy.pl | lodz@partner-gospodarczy.pl | poznan@partner-gospodarczy.pl,,7,0,https://partner-gospodarczy.pl | https://partner-gospodarczy.pl/wp-content/plugins/contact-form-7/includes/css/styles.css?ver=5.9.5 | https://partner-gospodarczy.pl/o-nas/ | https://partner-gospodarczy.pl/ksiegowosc/ | https://partner-gospodarczy.pl/dodatkowe-uslugi/wirtualne-biuro/ | https://partner-gospodarczy.pl/biuro-rachunkowe-poznan/ | https://partner-gospodarczy.pl/biuro-rachunkowe-warszawa/ | https://partner-gospodarczy.pl/biuro-rachunkowe-wroclaw/ | https://partner-gospodarczy.pl/biuro-rachunkowe-gdansk/ | https://partner-gospodarczy.pl/biuro-rachunkowe-lodz/ | https://partner-gospodarczy.pl/biuro-rachunkowe-szczecin/ | https://partner-gospodarczy.pl/biuro-rachunkowe-katowice/ | https://partner-gospodarczy.pl/biuro-rachunkowe-krakow/
Biuro Rachunkowe Krzysztof Bejgerowski,https://brkb.pl,biuro@brkb.pl,biuro@brkb.pl,,1,0,https://brkb.pl | https://brkb.pl/wp-content/plugins/contact-form-7/includes/css/styles.css?ver=5.4.2 | https://brkb.pl/o-nas/ | https://brkb.pl/kontakt/ | https://brkb.pl/kontakt | https://brkb.pl/o-nas
Biuro Rachunkowe KMT Finance,https://kmtfinance.pl,office@kmtfinance.pl,office@kmtfinance.pl,,1,0,https://kmtfinance.pl | https://kmtfinance.pl/o-nas/ | https://kmtfinance.pl/uslugi-ksiegowe/ | https://kmtfinance.pl/kontakt/ | https://kmtfinance.pl/kontakt | https://kmtfinance.pl/o-nas
Invoice-Tax - Profesjonalne Biuro Rachunkowe w Poznaniu | Centrum Finansowe | Spółki | Doradztwo Podatkowe | Wirtualne Biuro,https://invoice-tax.pl,biuro@invoice-tax.pl,biuro@invoice-tax.pl,,1,0,https://invoice-tax.pl | https://invoice-tax.pl/wp-content/plugins/contact-form-7/includes/css/styles.css?ver=6.0.6 | https://invoice-tax.pl/wp-content/themes/salient/css/build/elements/element-team-member.css?ver=16.2.0 | https://invoice-tax.pl/ksiegowosc-i-doradztwo-podatkowe/ | https://invoice-tax.pl/ksiegowosc-i-doradztwo-podatkowe/ksiegowosc-spolki-zoo/ | https://invoice-tax.pl/ksiegowosc-i-doradztwo-podatkowe/ksiegowosc-spolki-jdg/ | https://invoice-tax.pl/ksiegowosc-i-doradztwo-podatkowe/doradztwo-podatkowe/ | https://invoice-tax.pl/biuro-wirtualne/ | https://invoice-tax.pl/kontakt/ | https://invoice-tax.pl/ksiegowosc-spolki-zoo | https://invoice-tax.pl/biuro-wirtualne | https://invoice-tax.pl/category/ksiegowosc/ | https://invoice-tax.pl/ksiegowosc-dla-firm-ktore-chca-miec-porzadek-kontrole-i-spokoj/
AKAMA Dorota Wysocka,https://wysocka-biuro-rachunkowe.pl,aga.wysocka@poczta.onet.pl,,aga.wysocka@poczta.onet.pl,0,1,https://wysocka-biuro-rachunkowe.pl | https://wysocka-biuro-rachunkowe.pl/kontakt | https://wysocka-biuro-rachunkowe.pl/kontakt/ | https://wysocka-biuro-rachunkowe.pl/o-nas
Profit. Biuro rachunkowe,https://profitrachunki.pl,biuro@profitrachunki.pl,,biuro@profitrachunki.pl,0,1,
"Kancelaria Podatkowa SAS TAX - Księgowość, Doradztwo i Kadry w jednym miejscu",https://sastax.pl,biuro@sastax.pl,biuro@sastax.pl,,1,0,https://sastax.pl | https://sastax.pl/ksiegowosc/ | https://sastax.pl/zostan-ksiegowa-w-sastax/ | https://sastax.pl/o-nas/ | https://sastax.pl/kontakt/ | https://sastax.pl/uslugi/ksiegowosc/ | https://sastax.pl/uslugi/ksiegowosc-online/ | https://sastax.pl/kontakt | https://sastax.pl/contact | https://sastax.pl/o-nas | https://sastax.pl/about
Biuro Rachunkowe PITOWNIK Aneta Śniatkowska,https://pitownik.pl,biuro@pitownik.pl,biuro@pitownik.pl,,1,0,https://pitownik.pl | https://pitownik.pl/wp-content/plugins/contact-form-7/includes/css/styles.css?ver=6.0.6 | https://pitownik.pl/kontakt | https://pitownik.pl/kontakt/
AMIDA. Biuro rachunkowe,https://biurorachunkowe-amida.pl,kontakt@biurorachunkowe-amida.pl,kontakt@biurorachunkowe-amida.pl,,1,0,https://biurorachunkowe-amida.pl | https://biurorachunkowe-amida.pl/wp-content/plugins/contact-form-7/includes/css/styles.css?ver=5.5.3 | https://biurorachunkowe-amida.pl/kontakt | https://biurorachunkowe-amida.pl/kontakt/ | https://biurorachunkowe-amida.pl/contact | https://biurorachunkowe-amida.pl/contact-us | https://biurorachunkowe-amida.pl/o-nas | https://biurorachunkowe-amida.pl/about | https://biurorachunkowe-amida.pl/zespol | https://biurorachunkowe-amida.pl/team
bras7.pl Biuro Rachunkowe,https://bras7.pl,biuro.rachunkowe.sniatkowski@bras7.pl,biuro.rachunkowe.sniatkowski@bras7.pl,,1,0,https://bras7.pl | https://bras7.pl/o-biuro-rachunkowe-poznan.html | https://bras7.pl/oferta-biuro-rachunkowe-poznan.html | https://bras7.pl/ksiegowosc-poznan.html | https://bras7.pl/inne-uslugi-ksiegowe-poznan.html | https://bras7.pl/kontakt.html
Kancelaria Laurus sp. z o.o.,https://laurus.poznan.pl,biuro@laurus.poznan.pl,biuro@laurus.poznan.pl,,1,0,https://laurus.poznan.pl
Libra Biuro Rachunkowe,https://librabiuro.pl,librafilimowicz@wp.pl | maralb@interia.pl,,librafilimowicz@wp.pl | maralb@interia.pl,0,2,https://librabiuro.pl
Biuro Rachunkowe Aneta Milewska- Kozłowska Księgowość Usługi Księgowe,https://biurorachunkowemilewska.pl,info@biurorachunkowemilewska.pl,info@biurorachunkowemilewska.pl,,1,0,https://biurorachunkowemilewska.pl
Biuro Prawno-Rachunkowe Maciej Skorupiński,https://skorupinski.pl,biuro@skorupinski.pl,biuro@skorupinski.pl,,1,0,https://skorupinski.pl | https://skorupinski.pl/oferta/ksiegowosc/ | https://skorupinski.pl/kontakt/ | https://skorupinski.pl/kontakt/?utm_source=sticky&amp;utm_medium=website&amp;utm_campaign=glowna | https://skorupinski.pl/kontakt | https://skorupinski.pl/contact | https://skorupinski.pl/about
Biuro rachunkowe Pro Progress,https://proprogress.pl,biuro@proprogress.pl,biuro@proprogress.pl,,1,0,https://proprogress.pl | https://proprogress.pl/ksiegowosc/ | https://proprogress.pl/kontakt | https://proprogress.pl/kontakt/ | https://proprogress.pl/o-nas
Nowypit.pl Biuro Prawno Rachunkowe,https://nowypit.pl,biuro@nowypit.pl,biuro@nowypit.pl,,1,0,https://nowypit.pl | https://nowypit.pl/ksiegowosc-dzialalnosci-na-ryczalcie/ | https://nowypit.pl/ksiegowosc-dzialalnosci-na-skali-podatkowej/ | https://nowypit.pl/ksiegowosc-dzialalnosci-na-podatku-linowym/ | https://nowypit.pl/ksiegowosc-spolek-cywilnych/ | https://nowypit.pl/ksiegowosc-spolek-komandytowych/ | https://nowypit.pl/ksiegowosc-spolek-z-ograniczona-odpowiedzialnoscia/ | https://nowypit.pl/ksiegowosc-spolek-z-o-o-spolek-komandytowych/ | https://nowypit.pl/ksiegowosc-spolek-komandytowo-akcyjnych/
Jan Pietrzak - Księgowy na 6,https://ksiegowyna6.pl,biuro@ksiegowyna6.pl,biuro@ksiegowyna6.pl,,1,0,https://ksiegowyna6.pl | https://ksiegowyna6.pl/o-nas/ | https://ksiegowyna6.pl/kontakt/ | https://ksiegowyna6.pl/kontakt | https://ksiegowyna6.pl/uslugi-ksiegowe-dla-branzy-it/ | https://ksiegowyna6.pl/wp-content/uploads/2023/03/certyfikat-glownego-ksiegowego.png | https://ksiegowyna6.pl/o-nas
Biuro Rachunkowe Atoran,https://atoran.pl,liberkowska@atoran.pl,,liberkowska@atoran.pl,0,1,https://atoran.pl | https://atoran.pl/uslugi/pelna-ksiegowosc | https://atoran.pl/uslugi/ksiegowosc-uproszczona | https://atoran.pl/oferta/ksiegi-rachunkowe | https://atoran.pl/oferta/podatkowa-ksiega-przychodow-i-rozchodow | https://atoran.pl/kontakt | https://atoran.pl/kontakt/
TaxShield Biuro Rachunkowe Online,https://taxshield.pl,biuro@taxshield.pl,,biuro@taxshield.pl,0,1,https://taxshield.pl | https://taxshield.pl/wirtualne-biuro | https://taxshield.pl/blog/niezarejestrowanie-przedsiebiorcy-do-ulgi-maly-zus-plus-przez-biuro-rachunkowe
Biuro Rachunkowe Clear Finance Sp. z o.o.,https://clearfinance.com.pl,biuro@clearfinance.com.pl,biuro@clearfinance.com.pl,,1,0,https://clearfinance.com.pl | https://clearfinance.com.pl/wp-content/plugins/contact-form-7/includes/css/styles.css?ver=5.9.8 | https://clearfinance.com.pl/o-nas/ | https://clearfinance.com.pl/kontakt/ | https://clearfinance.com.pl/o-nas | https://clearfinance.com.pl/kontakt | https://clearfinance.com.pl/contact | https://clearfinance.com.pl/about
Biuro Rachunkowe Capital Sp. z o. o.,https://br-capital.pl,biurorachunkowe.capital@gmail.com,biurorachunkowe.capital@gmail.com,,1,0,https://br-capital.pl | https://br-capital.pl/wp-content/plugins/contact-form-7/includes/css/styles.css?ver=5.5.6 | https://br-capital.pl/o-nas/ | https://br-capital.pl/kontakt/ | https://br-capital.pl/kontakt | https://br-capital.pl/contact | https://br-capital.pl/o-nas | https://br-capital.pl/about | https://br-capital.pl/team
Biuro Rachunkowe Elżbieta Wawrzyniak,https://wawrzyniakbiuro.pl,office@wawrzyniakbiuro.pl,office@wawrzyniakbiuro.pl,,1,0,https://wawrzyniakbiuro.pl
Md Biuro Rachunkowe Małgorzata Dudziak,https://md-biurorachunkowe.com,items.malgorzata@md-biurorachunkowe.com | malgorzata@md-biurorachunkowe.com,malgorzata@md-biurorachunkowe.com,items.malgorzata@md-biurorachunkowe.com,1,1,https://md-biurorachunkowe.com | https://md-biurorachunkowe.com/kontakt | https://md-biurorachunkowe.com/kontakt/
Biuro Rachunkowe CONSULTING-TAX sp. z o.o.,https://consulting-tax.com,biuro@consulting-tax.com,biuro@consulting-tax.com,,1,0,https://consulting-tax.com | https://consulting-tax.com/ksiegowosc/ | https://consulting-tax.com/o-nas/ | https://consulting-tax.com/kontakt/ | https://consulting-tax.com/kontakt | https://consulting-tax.com/o-nas
Biuro Rachunkowe GAMA Izabela Mitkowska,https://gama-rachunkowosc.pl,biuro@gama-rachunkowosc.pl,biuro@gama-rachunkowosc.pl,,1,0,https://gama-rachunkowosc.pl | https://gama-rachunkowosc.pl/wp-content/uploads/2021/08/certyfikat_ksiegowy_izabela_mitkowska-scaled.jpg | https://gama-rachunkowosc.pl/wp-content/uploads/2021/08/certyfikat_ksiegowy_piotr_mitkowski-scaled.jpg
Biuro Rachunkowe SODELIS,https://sodelis.pl,biuro@sodelis.pl,biuro@sodelis.pl,,1,0,https://sodelis.pl | https://sodelis.pl/index.php/biuro/ | https://sodelis.pl/kontakt | https://sodelis.pl/kontakt/ | https://sodelis.pl/zespol
IN PLUS TAX,https://inplustax.pl,biuro@inplustax.pl,biuro@inplustax.pl,,1,0,https://inplustax.pl | https://inplustax.pl/app/plugins/contact-form-7/includes/css/styles.css?ver=4.3 | https://inplustax.pl/ksiegowosc-uproszczona/ | https://inplustax.pl/ksiegi-handlowe/ | https://inplustax.pl/kontakt | https://inplustax.pl/kontakt/
Biuro Rachunkowe AD-plus,https://ad-plus.pl,biuro@ad-plus.pl,biuro@ad-plus.pl,,1,0,https://ad-plus.pl | https://ad-plus.pl/kontakt/ | https://ad-plus.pl/kontakt
Biuro Rachunkowe LMB Office,https://lmboffice.pl,beata.vib@gmail.com,,beata.vib@gmail.com,0,1,https://lmboffice.pl | https://lmboffice.pl/oferta/nadzor-ksiegowy-poznan | https://lmboffice.pl/ksiega-przychodow-i-rozchodow-poznan | https://lmboffice.pl/kontakt | https://lmboffice.pl/kontakt/
Biuro rachunkowe Infi,https://infi.com.pl,biuro@infi.com.pl,biuro@infi.com.pl,,1,0,https://infi.com.pl | https://infi.com.pl/oferta/ksiegowosc/ | https://infi.com.pl/kontakt/ | https://infi.com.pl/kontakt | https://infi.com.pl/contact
Biuro Rachunkowe Poznań | Kancelaria Gospodarcza,https://kgjk.eu,kontakt@kgjk.eu,kontakt@kgjk.eu,,1,0,https://kgjk.eu | https://kgjk.eu/kontakt/ | https://kgjk.eu/kontakt | https://kgjk.eu/o-nas
Pietkun Kancelaria Rachunkowa,https://pietkunkancelaria.pl,sekretariat@pietkunkancelaria.pl,sekretariat@pietkunkancelaria.pl,,1,0,https://pietkunkancelaria.pl | https://pietkunkancelaria.pl/wp-content/plugins/contact-form-7/includes/css/styles.css?ver=5.8.6 | https://pietkunkancelaria.pl/biuro-rachunkowe-poznan/ | https://pietkunkancelaria.pl/reprezentacja-w-postepowaniach-wieczystoksiegowych/ | https://pietkunkancelaria.pl/pelna-ksiegowosc/ | https://pietkunkancelaria.pl/pelna-ksiegowosc-poznan/ | https://pietkunkancelaria.pl/podatkowa-ksiega-przychodow-i-rozchodow/ | https://pietkunkancelaria.pl/ksiegowosc-dla-uber-bolt-free-now/ | https://pietkunkancelaria.pl/ksiegowosc-dla-youtuberow-ip-box/ | https://pietkunkancelaria.pl/ksiegowosc-dla-przedszkoli-i-zlobkow/ | https://pietkunkancelaria.pl/ksiegowosc-dla-firm-produkcyjnych/ | https://pietkunkancelaria.pl/ksiegowosc-dla-e-commerce/ | https://pietkunkancelaria.pl/ksiegowosc-dla-cudzoziemcow/
Biuro Rachunkowe MM Accounting Sp. z o.o.,https://mm-accounting.pl,biuro@mm-accounting.pl,biuro@mm-accounting.pl,,1,0,https://mm-accounting.pl | https://mm-accounting.pl/wp-content/plugins/contact-form-7/includes/css/styles.css?ver=6.0.3 | https://mm-accounting.pl/kontakt/ | https://mm-accounting.pl/kontakt
"Biuro rachunkowe KAIZEN Mateusz Bączyk - Księgowy, Księgowość Poznań",https://biuro-kaizen.pl,mateusz.baczyk@biuro-kaizen.pl,mateusz.baczyk@biuro-kaizen.pl,,1,0,https://biuro-kaizen.pl
Kancelaria Doradcy Podatkowego Anna Cegielska,https://acega.pl,biuro@acega.pl | u0022webmaster@acega.pl,biuro@acega.pl | u0022webmaster@acega.pl,,2,0,https://acega.pl | https://acega.pl/pl/kontakt | https://acega.pl/eksiegowosc | https://acega.pl/kontakt | https://acega.pl/kontakt/ | https://acega.pl/o-nas | https://acega.pl/zespol
HONETT usługi księgowe Donata Kochańska,https://honett.pl,d.kochanska@honett.pl,d.kochanska@honett.pl,,1,0,https://honett.pl | https://honett.pl/oferta/ksiegowosc-dla-spolek/ | https://honett.pl/oferta/ksiegowosc-dla-jdg/ | https://honett.pl/o-nas/ | https://honett.pl/kontakt/ | https://honett.pl/kontakt | https://honett.pl/o-nas
Biuro Rachunkowe MK Pawłowscy,https://mkpawlowscy.com,biuromkpawlowscy@gmail.com,biuromkpawlowscy@gmail.com,,1,0,https://mkpawlowscy.com | https://mkpawlowscy.com/pelna-ksiegowosc | https://mkpawlowscy.com/kontakt | https://mkpawlowscy.com/contact
Centrum Usług Rachunkowych - Anna Kuźniarek,https://centrumrachunkowe.poznan.pl,biuro@centrumrachunkowe.poznan.pl,,biuro@centrumrachunkowe.poznan.pl,0,1,
Biuro księgowe POINT,https://poznanksiegowa.pl,gosiachwialkowska@gmail.com,gosiachwialkowska@gmail.com,,1,0,https://poznanksiegowa.pl | https://poznanksiegowa.pl/uslugi-ksiegowe-poznan/ | https://poznanksiegowa.pl/biuro-ksiegowe-poznan-o-nas/ | https://poznanksiegowa.pl/biuro-ksiegowe-cennik-poznan/ | https://poznanksiegowa.pl/do-pobrania-pliki-ksiegowe/ | https://poznanksiegowa.pl/biuro-ksiegowe-kontakt-poznan/
"Biuro Rachunkowe, doradztwo podatkowe",https://kdpo.pl,biuropoznan@kdpo.pl | biurowagrowiec@kdpo.pl,biuropoznan@kdpo.pl | biurowagrowiec@kdpo.pl,,2,0,https://kdpo.pl | https://kdpo.pl/oferta/biuro-rachunkowe/ | https://kdpo.pl/kontakt/ | https://kdpo.pl/biuro-rachunkowe/ | https://kdpo.pl/kontakt
Księgowa Ewa Wojciechowska,https://ksiegowa-sowa.pl,biuro@ksiegowa-sowa.pl,biuro@ksiegowa-sowa.pl,,1,0,https://ksiegowa-sowa.pl | https://ksiegowa-sowa.pl/oferta/uslugi-ksiegowe | https://ksiegowa-sowa.pl/oferta/uslugi-ksiegowe/ | https://ksiegowa-sowa.pl/about
Biuro Rachunkowe Algor,https://algor-podatki.pl,biuro@algor-podatki.pl,biuro@algor-podatki.pl,,1,0,https://algor-podatki.pl | https://algor-podatki.pl/o-nas | https://algor-podatki.pl/kontakt | https://algor-podatki.pl/kontakt/ | https://algor-podatki.pl/contact | https://algor-podatki.pl/contact-us | https://algor-podatki.pl/about | https://algor-podatki.pl/zespol | https://algor-podatki.pl/team
"Kancelaria Centrum - Wirtualne biuro, zakładanie spółek, księgowość",https://kancelariacentrum.pl,biuro@kancelariacentrum.pl,biuro@kancelariacentrum.pl,,1,0,https://kancelariacentrum.pl | https://kancelariacentrum.pl/_app/immutable/assets/ContactFormMain.CwZS1PwX.css | https://kancelariacentrum.pl/kontakt | https://kancelariacentrum.pl/ksiegowosc-dla-firm | https://kancelariacentrum.pl/wirtualne-biuro | https://kancelariacentrum.pl/kontakt/ | https://kancelariacentrum.pl/o-nas
inFakt,https://infakt.pl,info@infakt.pl | mobile@infakt.pl,,info@infakt.pl | mobile@infakt.pl,0,2,
Katarzyna Burzyńska,https://obslugaspolek.pl,biuro@obslugaspolek.pl,biuro@obslugaspolek.pl,,1,0,https://obslugaspolek.pl | https://obslugaspolek.pl/kontakt.html
Magdalena Mielcarek,https://mmtax.pl,mielcarek@mmtax.pl,mielcarek@mmtax.pl,,1,0,https://mmtax.pl
Jeske Magdalena auditor. accounting Office,https://mjbiuro.pl,magdalena.jeske@mjbiuro.pl,magdalena.jeske@mjbiuro.pl,,1,0,https://mjbiuro.pl | https://mjbiuro.pl/biuro-rachunkowe.html | https://mjbiuro.pl/ksiegi-przychodow-i-rozchodow.html | https://mjbiuro.pl/ksiegi-rachunkowe.html | https://mjbiuro.pl/o-nas.html | https://mjbiuro.pl/kontakt.html | https://mjbiuro.pl/kontakt | https://mjbiuro.pl/kontakt/ | https://mjbiuro.pl/contact | https://mjbiuro.pl/contact-us | https://mjbiuro.pl/o-nas | https://mjbiuro.pl/about | https://mjbiuro.pl/zespol
Ferma Cyfr,https://fermacyfr.pl,fermacyfr@fermacyfr.pl,fermacyfr@fermacyfr.pl,,1,0,https://fermacyfr.pl | https://fermacyfr.pl/kontakt | https://fermacyfr.pl/kontakt/
booq sp. z o.o. - nowoczesne biuro rachunkowo-księgowe,https://booq.com.pl,biuro@booq.com.pl,biuro@booq.com.pl,,1,0,https://booq.com.pl | https://booq.com.pl/o-nas
Maria Lipka,https://fachowaksiegowa.pl,biuro@fachowaksiegowa.pl,,biuro@fachowaksiegowa.pl,0,1,https://fachowaksiegowa.pl | https://fachowaksiegowa.pl/kontakt | https://fachowaksiegowa.pl/kontakt/ | https://fachowaksiegowa.pl/contact | https://fachowaksiegowa.pl/contact-us | https://fachowaksiegowa.pl/o-nas | https://fachowaksiegowa.pl/about | https://fachowaksiegowa.pl/zespol | https://fachowaksiegowa.pl/team
