imie,strona,kept_email,removed_email
Wikom Biuro Rachunkowe,https://wikombiuro.pl,wikom@wikombiuro.pl,biuro@bsie.waw.pl | leszek@bsie.waw.pl
IN.COME Sp. z o. o.,https://in-come.pl,kancelaria@in-come.pl,payroll.help.dor@dor.oregon.gov | bok@neofin.pl
Biuro Rachunkowe Natalia Wanat,https://ksiegowosc-wanat.com,natalia@ksiegowosc-wanat.com,1eeb89147c984dc6bc3ffafd9e6cd089@sentry.wixpress.com | 8c4075d5481d476e945486754f783364@sentry.io | 8eb368c655b84e029ed79ad7a5c1718e@sentry.wixpress.com
AM Kancelaria Rachunkowa Sp. z o.o.,https://uslugiksiegowepoznan.pl,a.ewertowska@amkancelaria.info.pl | a.lesniewska@amkancelaria.info.pl | p.ziolkowska@amkancelaria.info.pl | sekretariat@amkancelaria.info.pl | a.pacek@amkancelaria.info.pl | ambiuro@amkancelaria.info.pl | d.marciniak@amkancelaria.info.pl | e.chojnacka@amkancelaria.info.pl | e.sawikowska@amkancelaria.info.pl | j.cieplicka@amkancelaria.info.pl | l.komorowska@amkancelaria.info.pl,wikom@wikombiuro.pl | biuro@ubezpieczenia-complex.pl
ASCS-Consulting Biuro Rachunkowe,https://ascs-consulting.pl,biuro@ascs-consulting.pl,amitai@asc-il.co.il | info@eqsystem.pl
Biuro Rachunkowe EKONOMIK,https://ekonomiksc.pl,biuro@ekonomiksc.pl,katarzyna.suminska@macmillan.pl | sekretariat@wsei.lublin.pl
Biuro Rachunkowe Poznań DRD 📖,https://drd.pl,biuro@drd.pl,info@drdpartnership.com | sekretariat@antydopinglab.pl | dorota.kwiatkowska@antydopinglab.pl | mpd@dc.gov | amir.ahkami@pnnl.gov
Biuro Rachunkowe Stefańska Anna,https://biurorachunkowe-stefanska.pl,annast@op.pl | anna.stefanska.biuro@gmail.com,biuro@biurorachunkowe-ms.pl | kontakt@biurosir.pl
FakturTax biuro rachunkowe Poznań,https://fakturtax.pl,filip@fakturtax.pl | kontakt@fakturtax.pl,
Certyfikowane Biuro Rachunkowe RZIS.pl,https://rzis.pl,kontakt@rzis.pl,iod@m3mcom.pl | kontakt@funduszfilar.pl | dburke@libertyvillageny.org | biuro@strategodk.pl | info@infakt.pl
Biuro Rachunkowe Value Business - Księgowość,https://valuebusiness.pl,biuro@valuebusiness.pl,vendorregistration@heathtx.com | accountspayable@heathtx.com | security@ovic.vic.gov.au | info@hyattsville.org
Business Profit Biuro Rachunkowe,https://profit-poznan.pl,biuro@profit-poznan.pl,admin@eacd.org | honorata@amu.edu.pldominika | wojciech.rosikiewicz@stjude.org
Biuro Rachunkowe TAXO,https://taxo-acc.pl,kontakt@taxo-acc.pl,biuro@taxeo.pl
Biuro Rachunkowe - Podatkowe Zacisze,https://podatkowezacisze.pl,biuro@podatkowezacisze.pl,marek.karasiewicz@kttax.pl | office@taxservices.pl | kancelaria@mf.gov.pl
Biuro Rachunkowe Dino,https://dino.poznan.pl,,sekretariat@marketdino.pl | johnsmith@marketdino.pl | bok@marketdino.pl
Biuro Rachunkowe PIT,https://pitbiuro.pl,biuro@pitbiuro.pl,bok@pitbull.pl | kontakt@vbiuro.com | biuro@biuroplus.pl | biuro@pidpolska.pl | biuro@pit-elk.pl | rodo@interbiuro.pl | biuro@fiorentini.com
Biuro Rachunkowe MS Monika Stefaniak Poznań,https://biurorachunkowems.pl,m.sienkowska@wp.pl,dariusz.jarmoc@livros-kancelaria.pl | kontakt@biurorada.pl | cecylia@biurorachunkoweglowacka.pl | biuro@efkasc.pl
Biuro Rachunkowe Poznań - Ingenium Sp. z o.o.,https://br-ingenium.pl,info@br-ingenium.pl,katarzyna.murdoch@echo.com.pl | info@editeur.org | flavio@bgfconsultoria.com.br
Biuro Rachunkowe JW,https://biurorachunkowejw.pl,biuro@biurorachunkowejw.pl,biuro@jw-tax.pl | cecylia@biurorachunkoweglowacka.pl | biuro@efkasc.pl
Biuro rachunkowe MOLARD,https://molard.pl,biuro@molard.pl,iod@mol.com.pl | info@cosmopolite.ch | honoraryconsul@raschwartz.info | scheduling@raschwartz.info | emailinfo@tourdumolard.com | hurt2@morad.pl | handlowy1@morad.pl | handlowy3@morad.pl
Księgowy EXPERT,https://ksiegowyexpert.pl,biuro@ksiegowyexpert.pl,biuro@ksiegowy-ekspert.pl | faktury@firmaoptimal.pl | r.szymanska@rsarchitektura.pl
Biuro rachunkowe - LK PROGRES Lucyna Kaczmarek,https://lkprogres.pl,lucyna@lkprogres.pl,logistyka@grupaprogres.pl | progres-ltd@progres-ltd.pl | biuro@proprogress.pl | iod@grupaprogres.pl | office@progressholding.pl
G-TAX,https://g-tax.pl,biuro@g-tax.pl,info@gtaxfile.com | dol.ctfmla@ct.gov | 1099helpdesk@usda.gov
Biuro Rachunkowe Agnieszka Miśkiewicz,https://br-miskiewicz.pl,biuro@br-miskiewicz.pl,magda.miskiewicz@miskiewiczdesign.pl | m.miskiewicz@mimuw.edu.pl | mrajchel@prz.edu.pl | siwowski@prz.edu.pl | m.miskiewicz@mimuw.edu | sales@harvardapparatus.co.uk
AKAMA Dorota Wysocka,https://wysocka-biuro-rachunkowe.pl,aga.wysocka@poczta.onet.pl,biuro@brdw.pl | sprzedaz.wapro@assecobs.pl | prefrow@preffow.com.pl
bras7.pl Biuro Rachunkowe,https://bras7.pl,biuro.rachunkowe.sniatkowski@bras7.pl,info@marketing-agency.com | help@skims.com
Kancelaria Laurus sp. z o.o.,https://laurus.poznan.pl,biuro@laurus.poznan.pl,tversosky@lauruslabs.com
Kancelaria Gospodarcza Szatkowscy i Wspólnicy Sp. z o.o.,https://kancelariagospodarcza.pl,,kancelaria.adwokacka@prokonto.pl | kancelaria@kancelariafk.pl | kontakt@grupafarkas.pl | biuro@kgfinanse.pl | kancelaria@egida.biz.pl
Libra Biuro Rachunkowe,https://librabiuro.pl,librafilimowicz@wp.pl | maralb@interia.pl,kontakt@libra.ibuk.pl | info@longint.pl | iod@epwn.pl
Biuro Rachunkowe Income Tax Weronika Gręda,https://pl-pl.facebook.com,,press@fb.com | records@fb.com | support@fb.com | platformcs@support.facebook.com
Biuro Rachunkowe Aneta Milewska- Kozłowska Księgowość Usługi Księgowe,https://biurorachunkowemilewska.pl,info@biurorachunkowemilewska.pl,biuro@biuro-account.pl | biuro@mwbiuro.pl | biuro@kancelaria-adwokacka-warszawa.pl | biuro@codex24.pl | agnieszka.milewska@codex24.pl | kontakt@biurorada.pl
Biuro Rachunkowe Atoran,https://atoran.pl,liberkowska@atoran.pl,info@accelercomm.com | care@1mg.com
TaxShield Biuro Rachunkowe Online,https://taxshield.pl,biuro@taxshield.pl,
Biuro Rachunkowe Elżbieta Wawrzyniak,https://wawrzyniakbiuro.pl,office@wawrzyniakbiuro.pl,
Md Biuro Rachunkowe Małgorzata Dudziak,https://md-biurorachunkowe.com,items.malgorzata@md-biurorachunkowe.com | malgorzata@md-biurorachunkowe.com,office@dxn2u.com
Biuro Rachunkowe GAMA Izabela Mitkowska,https://gama-rachunkowosc.pl,biuro@gama-rachunkowosc.pl,info@okredo.ltpaslaugos
Biuro Rachunkowe LMB Office,https://lmboffice.pl,beata.vib@gmail.com,info@okredo.ltpaslaugos
Biuro Rachunkowe Poznań | Kancelaria Gospodarcza,https://kgjk.eu,kontakt@kgjk.eu,
Biuro Rachunkowe MK Pawłowscy,https://mkpawlowscy.com,biuromkpawlowscy@gmail.com,jandrade@mkmarlow.com
Biuro Rachunkowe AGUS Agnieszka Augustyniak,https://agus-biurorachunkowe.com.pl,,errorsfilters@certyficate.it
Centrum Usług Rachunkowych - Anna Kuźniarek,https://centrumrachunkowe.poznan.pl,biuro@centrumrachunkowe.poznan.pl,info@centrumrachunkowe.pl
Biuro księgowe POINT,https://poznanksiegowa.pl,gosiachwialkowska@gmail.com,info@pozytywnaksiegowa.pl
Biuro Rachunkowe Algor,https://algor-podatki.pl,biuro@algor-podatki.pl,alto@altoadvisory.pl
"Kancelaria Centrum - Wirtualne biuro, zakładanie spółek, księgowość",https://kancelariacentrum.pl,biuro@kancelariacentrum.pl,1us.gdynia@mf.gov.pl | 3us.warszawa.srodmiescie@mf.gov.pl | sekretariat.2us.katowice@mf.gov.pl | us.krakow.podgorze@mf.gov.pl | us.lodz.polesie@mf.gov.pl | us.poznan-wilda@mf.gov.pl | us.wroclaw.srodmiescie@mf.gov.pl
Katarzyna Burzyńska,https://obslugaspolek.pl,biuro@obslugaspolek.pl,biuro@optimum-koszalin.pl | biuro@jztl.pl | biuro@businessmind.pl | michal.malachowski@avocat.fr | biuro@skorupinski.pl
BIURO KSIĘGOWE,https://ksiegowo.com.pl,,kontakt@businessmilestones.pl | biuro@mksalvia.pl | biuro@flex-ksiegowosc.pl
Maria Lipka,https://fachowaksiegowa.pl,biuro@fachowaksiegowa.pl,info@okredo.ltpaslaugos
