"additionalInfo/info/Accessibility/0","additionalInfo/info/Accessibility/1","additionalInfo/info/Accessibility/2","additionalInfo/info/Accessibility/3","additionalInfo/info/Amenities/0","additionalInfo/info/Crowd/0","additionalInfo/info/Crowd/1","additionalInfo/info/From the business/0","additionalInfo/info/Parking/0","additionalInfo/info/Parking/1","additionalInfo/info/Planning/0","additionalInfo/info/Planning/1","additionalInfo/info/Service options/0","additionalInfo/info/Service options/1","address","categories/0","categories/1","categories/2","categories/3","categories/4","categories/5","categories/6","categories/7","categories/8","cid","city","country","country_code","country_name","display_rank","gid","isClaimed","language_code","language_name","latitude","longDescription","longitude","name","neighborhood","original_rank","phone","phoneIsd","photo","photoCount","placeId","priceRange","priceRangeText","providerId","rating","reviewCount","searchLocation","searchTerm","shortDescription","social/facebook/0","social/instagram/0","social/linkedin/0","social/twitter/0","social/youtube/0","state","status","street","timestamp","uncertain_emails/0","uncertain_emails/1","uncertain_emails/2","uncertain_emails/3","uncertain_emails/4","uncertain_emails/5","uncertain_emails/6","url","website","website_emails/0","website_emails/1","website_emails/2","website_emails/3","website_emails/4","website_emails/5","website_emails/6","zip"
"Wheelchair accessible entrance",,,,,,,,,,,,,,"Dziewińska 74, 60-178 Poznań, Poland","Accountant",,,,,,,,,"10790724569612056047","Poznań","PL","us","United States","1","0x47044506df295f17:0x95c05ad308ce75ef","Yes","en","English","52.3935993","","16.838898099999998","Biuro Rachunkowe Dino","Grunwald","40","61 862 27 86","+48 61 862 27 86","https://lh3.googleusercontent.com/gps-cs-s/AHVAweqwZpKC7voOVP4hT-L8SZSJg3l8XPhReBD9BXNvDHYvLkdY5jvSQX6mdCq4rYEdlqJx9uB5m6cGxjyRYqrf0n74SzgZe4XbgNgBqtAl08zDRjZKOzpPVep4VCDe4ZDH_0wMWp8tvA=w3648-h2736-k-no","4","yU-oabbmB7KjptQP5ay_mQM","","","/g/1xfsmfs6","4.7","12","Poznan, Polska","księgowość","",,,,,,"","Open","Dziewińska 74","2026-03-04 16:29:13.886176","sekretariat@marketdino.pl","johnsmith@marketdino.pl","bok@marketdino.pl",,,,,"https://google.com/maps?cid=10790724569612056047","https://dino.poznan.pl",,,,,,,,"60-178"
,,,,,,,,,,,,,,"Andersia Business Centre, Pl. Władysława Andersa 7, 61-894 Poznań, Poland","Accounting firm","Insurance agency",,,,,,,,"14543195920835710345","Poznań","PL","us","United States","2","0x471b2b27dad81db7:0xc9d3cfa308528d89","Yes","en","English","52.4005747","","16.9257851","Biuro Rachunkowe PUnKT Sp. z o.o.","Stare Miasto","41","514 533 315","+48 514 533 315","https://lh3.googleusercontent.com/gps-cs-s/AHVAweowEjjp7PxeiTib012_5VbTfB7tc1OwG5wUtpY8JbiOJjz0hi4MXvfKPr_IWLx0PjZJk0ZzQ0pXZrFY2W0MuiT5cFWGGIUEj_lhc4S9S5Vs9Z-PpfCzIdVcg-GPWq-77uks0Fg=w3054-h957-k-no","2","yU-oabbmB7KjptQP5ay_mQM","","","/g/11g9gplzfm","4.6","10","Poznan, Polska","księgowość","",,,,,,"","Open","Andersia Business Centre, Pl. Władysława Andersa 7","2026-03-04 16:29:13.886227",,,,,,,,"https://google.com/maps?cid=14543195920835710345","https://brpunkt.pl",,,,,,,,"61-894"
,,,,,,,,,,"Appointments recommended",,,,"Marcelińska 48/2, 60-354 Poznań, Poland","Bookkeeping service","Accountant","Tax attorney",,,,,,,"1027977101111107565","Poznań","PL","us","United States","3","0x470444d01c7aa2f7:0xe441bba1cf69fed","Yes","en","English","52.404368","","16.8818592","Kancelaria Doradcy Podatkowego Anna Cegielska","Grunwald","42","608 849 559","+48 608 849 559","https://lh3.googleusercontent.com/gps-cs-s/AHVAwerzn9S9P-nMmgI0Su93bAXwgNHvLDKXVzniJ2MoGc_818eDww7WchcDA0Nmh5Fb9YBVBZG-LwAJyQj5hJvF6EmJ5SrNkcVXtZM16y81IifImIKgYTDafhxvBsggUNhYTaNGwWLdLQ=w1080-h1920-k-no","2","yU-oabbmB7KjptQP5ay_mQM","","","/g/11bbrgsk32","4.9","83","Poznan, Polska","księgowość","",,,,,,"","Open","Marcelińska 48/2","2026-03-04 16:29:13.886246",,,,,,,,"https://google.com/maps?cid=1027977101111107565","https://acega.pl",,,,,,,,"60-354"
,,,,"Gender-neutral restroom",,,,,,,,,,"Niemeńska 8a, 60-412 Poznań, Poland","Accountant","Accounting firm","Consumer advice center","Financial planner","Tax consultant","Tax preparation","Virtual office rental",,,"12511359070583913187","Poznań","PL","us","United States","4","0x470445ccb70b2c83:0xada146c96383fae3","Yes","en","English","52.428723","","16.8544269","Biura Rachunkowe: Kryzysowa księgowa i wspólnicy, Malwowa, Księgowa z polecenia, Netto czy Brutto, Esperto-JG","Jeżyce, Poznań","43","61 868 70 43","+48 61 868 70 43","https://lh3.googleusercontent.com/gps-cs-s/AHVAweoNSGHxgR-eP-3h7uqTlXmrpbv1VSaOv-3utM7c8zFTNm5EVGXt6D9Wh93Fwts7yp7AAH82FVD8zv_awRZs1QLLSssZWT01A6H8BZ2QL--0FQAUcfyDXRWgKJ1_PclnEC8j4nxh=w1200-h800-k-no","17","yU-oabbmB7KjptQP5ay_mQM","","","/g/11rq215tj6","4.7","13","Poznan, Polska","księgowość","",,,,,,"","Open","Niemeńska 8a","2026-03-04 16:29:13.886261",,,,,,,,"https://google.com/maps?cid=12511359070583913187","https://kryzysowa-ksiegowa.pl",,,,,,,,"60-412"
,,,,,,,,,,,,,,"27 Grudnia 7E/20, 61-737 Poznań, Poland","Accounting firm",,,,,,,,,"10050168258136036029","Poznań","PL","us","United States","5","0x47045b57448f64a7:0x8b795ec85f1ad2bd","Yes","en","English","52.407823","","16.924342","Biuro Rachunkowe Natalia Wanat","Stare Miasto","44","570 563 275","+48 570 563 275","https://lh3.googleusercontent.com/gps-cs-s/AHVAweoSWsUt6TgsJr5O_vIUTfgeOY5CkZ38S4YzmXFFan6ymgY-vjcmPDqF72tTwDb3uREzgVuyfJcVv-UAFsJmyqx48LEkcG296Ca_K8ynQ9clds7CE2turTAYLIl7Br4FFUDDLDg=w3712-h3005-k-no","3","yU-oabbmB7KjptQP5ay_mQM","","","/g/11qbbdrpzp","4.8","22","Poznan, Polska","księgowość","",,,,,,"","Open","27 Grudnia 7E/20","2026-03-04 16:29:13.886275","redakcja@e-mentor.edu.pl",,,,,,,"https://google.com/maps?cid=10050168258136036029","https://ksiegowosc-wanat.com","1eeb89147c984dc6bc3ffafd9e6cd089@sentry.wixpress.com","8c4075d5481d476e945486754f783364@sentry.io","8eb368c655b84e029ed79ad7a5c1718e@sentry.wixpress.com","natalia@ksiegowosc-wanat.com",,,,"61-737"
,,,,,,,,,,,,"Onsite services","Online appointments","Adama Mickiewicza 30B/11, 60-836 Poznań, Poland","Accountant","Accounting firm","Bookkeeping service",,,,,,,"13503708041932146344","Poznań","PL","us","United States","6","0x47044528a54b6975:0xbb66ceeb1df386a8","Yes","en","English","52.4094158","","16.9106035","Magdalena Mielcarek","Jeżyce, Poznań","45","881 075 079","+48 881 075 079","https://lh3.googleusercontent.com/gps-cs-s/AHVAweqs5h_sS3CqTPod2DiggBUKoW_0bwlDEEYl2yFdsH8tuUaQa8faoK1l6xRyMLsarvhONXa_sjCoEJookZ_hezPyUMGkemYUV6SlvHGQ-JnwOfpMC7XLYYkgRpKYjTA5OAnkU0SeZKV38dDN=w3213-h5712-k-no","4","yU-oabbmB7KjptQP5ay_mQM","","","/g/11jjrsylvx","4.9","30","Poznan, Polska","księgowość","",,,,,,"","Open","Adama Mickiewicza 30B/11","2026-03-04 16:29:13.886289",,,,,,,,"https://google.com/maps?cid=13503708041932146344","https://mmtax.pl",,,,,,,,"60-836"
"Wheelchair accessible seating","Wheelchair accessible entrance","Wheelchair accessible restroom",,"Gender-neutral restroom","Transgender safespace","LGBTQ+ friendly",,,,,,,,"plac Wolności 18, 61-739 Poznań, Poland","Accounting firm","Bookkeeping service",,,,,,,,"8342484576221328251","Poznań","PL","us","United States","7","0x47045b39cf1ae4a9:0x73c675858dd8f37b","Yes","en","English","52.408489499999995","","16.9278335","PG Partner Gospodarczy | Poznań","Stare Miasto","46","536 169 066","+48 536 169 066","https://lh3.googleusercontent.com/gps-cs-s/AHVAweqx45Kr1O_PME-ojJO73E9CqbCZcbao-mp5FrfFztPmwTPHhPmCS4dfFlmyLOk0F6a4scgRKBbbzTA4yvyEEaqqzCu-jQg7gN2WHRbliDmvhr6Bq-RgZ4A6P7k-WgOi7Po5uU7a=w2048-h1365-k-no","16","yU-oabbmB7KjptQP5ay_mQM","","","/g/11fy94ws4f","4.7","61","Poznan, Polska","księgowość","","https://www.facebook.com/pg.partnergospodarczy",,"https://www.linkedin.com/company/partner-gospodarczy/",,,"","Open","plac Wolności 18","2026-03-04 16:29:13.886305",,,,,,,,"https://google.com/maps?cid=8342484576221328251","https://partner-gospodarczy.pl","bilans@partner-gospodarczy.pl","zapytania@partner-gospodarczy.pl","gdansk@partner-gospodarczy.pl","katowice@partner-gospodarczy.pl","krakow@partner-gospodarczy.pl","lodz@partner-gospodarczy.pl","poznan@partner-gospodarczy.pl","61-739"
,,,,"Gender-neutral restroom","Transgender safespace","LGBTQ+ friendly","Identifies as women-owned",,,"Appointment required",,"Onsite services","Online appointments","Sielska 8, 60-129 Poznań, Poland","Accountant","Bookkeeping service","Payroll service","Tax preparation","Tax preparation service",,,,,"12572344706296374871","Poznań","PL","us","United States","8","0x470444ec81876bc1:0xae79f0e6348ee657","Yes","en","English","52.384895","","16.8865709","Accounting Office Rachunkovnia sp. O.o.","Grunwald","47","61 297 50 00","+48 61 297 50 00","https://lh3.googleusercontent.com/gps-cs-s/AHVAweoeGVZh9XrLDp6hZICrOlOUiGkeb-m0GDKoy0eUGnyDlHVYSbU6ykeri1d5-BPH_0nctNmLud6bhZu5VG7fYMieucLaYIE0qRnMSrE324vz0yiFZvZc_FmZalo8aMbTWZ1JVwo=w5938-h3876-k-no","12","yU-oabbmB7KjptQP5ay_mQM","","","/g/1hhwvd1kz","4.2","21","Poznan, Polska","księgowość","",,,,,,"","Open","Sielska 8","2026-03-04 16:29:13.886322","biurorachunkowe.capital@gmail.com","biuro@krafton.com.pl",,,,,,"https://google.com/maps?cid=12572344706296374871","https://rachunkovnia.pl","biuro@rachunkovnia.pl","kariera@rachunkovnia.pl",,,,,,"60-129"
,,,,,,,,,,,,,,"Grunwaldzka 149, 60-313 Poznań, Poland","Bookkeeping service","Accountant","Accounting firm","Tax consultant","Tax preparation",,,,,"17893026842482319202","Poznań","PL","us","United States","9","0x47045b354eb2bf0f:0xf850cd1ca6b01f62","Yes","en","English","52.396041399999994","","16.8633563","Biuro Rachunkowe Stefańska Anna","Grunwald","48","61 834 30 50","+48 61 834 30 50","https://lh3.googleusercontent.com/gps-cs-s/AHVAwep-PPBr6O-wCWWEB6qKPfL4w8Kh2v_xfcJFdthr2hTa6OldB6aRHocdWdJHUSlzt6i85sLXs-4L6RzJuogAMEaygIrXvu3bGBZqri8St6cJZG37DqqTD8TtLVgprpO0xfhWilkUQA=w2121-h1414-k-no","29","yU-oabbmB7KjptQP5ay_mQM","","","/g/1td6lc1s","4.6","9","Poznan, Polska","księgowość","",,,,,,"","Open","Grunwaldzka 149","2026-03-04 16:29:13.886339",,,,,,,,"https://google.com/maps?cid=17893026842482319202","https://biurorachunkowe-stefanska.pl",,,,,,,,"60-313"
,,,,,,,,,,,,,,"Głogowska 277, 60-104 Poznań, Poland","Bookkeeping service","Accountant","Tax preparation","Training center",,,,,,"2858768326256688791","Poznań","PL","us","United States","10","0x4704454780c7a2d7:0x27ac62a575aafe97","Yes","en","English","52.3730741","","16.8672793","Biuro Rachunkowe Poznań DRD 📖","Grunwald","49","61 830 92 70","+48 61 830 92 70","https://lh3.googleusercontent.com/gps-cs-s/AHVAweo-5fnzIf2geeC-jqEuMFQB0c2EpdaAzwhHYPyOLeM-zSJT6wIqk7R0KhWCbturiVCi94TnTvZF1dAy3IhjzkGcNmdBwIqBcWej-KQpmvc4QLx4JPHMb18YhzMtLLNhBGID9YpyBnHeSa-U=w815-h858-k-no","14","yU-oabbmB7KjptQP5ay_mQM","","","/g/1tcxsyst","5","7","Poznan, Polska","księgowość","",,,,,,"","Open","Głogowska 277","2026-03-04 16:29:13.886353","info@drdpartnership.com","sekretariat@antydopinglab.pl","dorota.kwiatkowska@antydopinglab.pl","mpd@dc.gov","amir.ahkami@pnnl.gov",,,"https://google.com/maps?cid=2858768326256688791","https://drd.pl","biuro@drd.pl",,,,,,,"60-104"
,,,,,,,,,,,,,,"Mostowa 39/3, 61-854 Poznań, Poland","Accounting firm",,,,,,,,,"9701987857319556621","Poznań","PL","us","United States","11","0x47045b40765bffff:0x86a4628d8aaf760d","Yes","en","English","52.4076056","","16.9388462","Biuro Rachunkowe M-Team","Stare Miasto","50","503 132 350","+48 503 132 350","https://lh3.googleusercontent.com/gps-cs-s/AHVAweoYgzbhxn9mXO9akep06vunsm1zds_Dv2Ef2Ue90eDUUSFtWm6lXR3iq_X7v90OCoq4BrbDEyF73ThjSFfhyKN5DUQkqWxehEe5zcT4gHP3z5mNEGTfu2cOKjd7Fh_WLUDj_sc=w1476-h1476-k-no","2","yU-oabbmB7KjptQP5ay_mQM","","","/g/11fm163pk7","5","12","Poznan, Polska","księgowość","",,,,,,"","Open","Mostowa 39/3","2026-03-04 16:29:13.886365",,,,,,,,"https://google.com/maps?cid=9701987857319556621","https://m-team-biurorachunkowe.pl",,,,,,,,"61-854"
"Wheelchair accessible seating","Wheelchair accessible restroom",,,"Restroom",,,,,,,,,,"Półwiejska 17/23, 61-885 Poznań, Poland","Tax preparation",,,,,,,,,"13518479638853511638","Poznań","PL","us","United States","12","0x47045b58cc85db65:0xbb9b499b8936e9d6","Yes","en","English","52.4032725","","16.9301332","Kancelaria Podatkowa Andrzej Nowak Sp. z o.o.","Stare Miasto","51","690 105 827","+48 690 105 827","https://lh3.googleusercontent.com/gps-cs-s/AHVAweoqw0sACb0CxYW1yHL2R5aj785gXyE5Rr-k1y_dYZZ_PvHTXoo3cYe_BYMXk9bZhsylWNVGZ8SkqsfT3jRDa_hqQz474Amfhj8cBpKC2ldV4kAwHfEW53TwseILAYKGuiJYXmbP=w1365-h2048-k-no","12","yU-oabbmB7KjptQP5ay_mQM","","","/g/11mw8kn1t9","4.8","77","Poznan, Polska","księgowość","",,,,,,"","Open","Półwiejska 17/23","2026-03-04 16:29:13.886384",,,,,,,,"https://google.com/maps?cid=13518479638853511638","https://anowak.com.pl",,,,,,,,"61-885"
,,,,,,,"Identifies as women-owned",,,,,,,"Osiedle Zwycięstwa 9/54, 61-646 Poznań, Poland","Accountant","Accounting firm","Bookkeeping service",,,,,,,"990261915637470193","Poznań","PL","us","United States","13","0x470443f5362a5c6f:0xdbe1df7342b53f1","Yes","en","English","52.4378306","","16.9277762","Księgowa Ewa Wojciechowska","Stare Miasto","52","606 553 563","+48 606 553 563","https://lh3.googleusercontent.com/gps-cs-s/AHVAwepPg7HDOus9BvBnTpahVj4Zzov1o2TvW4v03wmKNjoDeLIswdCkvOntuEjy0zEkUdnohIviRAaYDWkbFwjKF816JlUQvsJNCzqmi4jzgGc1r9D-Olx4lpgTG47o4spEPPtoZKcv-w=w4016-h6016-k-no","9","yU-oabbmB7KjptQP5ay_mQM","","","/g/11fb0t11rv","5","4","Poznan, Polska","księgowość","",,,,,,"","Open","Osiedle Zwycięstwa 9/54","2026-03-04 16:29:13.886397",,,,,,,,"https://google.com/maps?cid=990261915637470193","https://ksiegowa-sowa.pl",,,,,,,,"61-646"
"Wheelchair accessible entrance",,,,,"Transgender safespace","LGBTQ+ friendly",,"Free parking lot","On-site parking","Appointment required","Appointments recommended","Onsite services","Online appointments","Bosa 4/6/lok. 24, 60-125 Poznań, Poland","Chartered accountant","Accountant","Accounting firm","Bookkeeping service","Business development service","Business to business service","Tax consultant",,,"11738962848978879838","Poznań","PL","us","United States","14","0x4704452dc6d56859:0xa2e92c83f4e4c55e","Yes","en","English","52.3839998","","16.8879537","Kancelaria Gospodarcza Szatkowscy i Wspólnicy Sp. z o.o.","Grunwald","53","61 663 32 27","+48 61 663 32 27","https://lh3.googleusercontent.com/gps-cs-s/AHVAweoadgrxH5TUGBXAMFa92x7xLIH2_FifARwf_wpZHQYJoWFxahhVG9_vgH2wfv69XP84GPEn5nRIbRbDSejDomWBUCIg9cHQhCljtxXtQnziiOnwBvx64rj-HsV388KQTIncCjAT=w4032-h3024-k-no","49","yU-oabbmB7KjptQP5ay_mQM","","","/g/11bwyll11l","4.9","31","Poznan, Polska","księgowość","",,,,,,"","Open","Bosa 4/6/lok. 24","2026-03-04 16:29:13.886417",,,,,,,,"https://google.com/maps?cid=11738962848978879838","https://kancelariagospodarcza.pl",,,,,,,,"60-125"
"Wheelchair accessible entrance",,,,,,,,,,"Appointment required",,"Onsite services","Online appointments","Jaworowa 47/3, 61-453 Poznań, Poland","Bookkeeping service",,,,,,,,,"8855418582831201794","Poznań","PL","us","United States","15","0x470445361c2b7e5b:0x7ae4c448770bfe02","Yes","en","English","52.368575899999996","","16.905257499999998","Biuro Rachunkowe Atoran","Wilda, Poznań","54","502 546 806","+48 502 546 806","https://lh3.googleusercontent.com/gps-cs-s/AHVAwerANDAIzr37wmdKlB8UnsqK6CrPEaxKAC5yGVD5f9LhbCyat3jbnZQgWPMFusuqKIYH5PM_trCahrz_qZXkD8spFeSaeRdEskD2IyQO095soTR7uByGqCbxCmHw0uoUkED7Y_jKkaEOm-GA=w1200-h800-k-no","19","yU-oabbmB7KjptQP5ay_mQM","","","/g/1pty7l0j1","4.7","12","Poznan, Polska","księgowość","","https://www.facebook.com/profile.php?id=61576894697334",,,,"https://www.youtube.com/embed/geivl0_hb_a","","Open","Jaworowa 47/3","2026-03-04 16:29:13.886430","info@accelercomm.com","liberkowska@atoran.pl","care@1mg.com",,,,,"https://google.com/maps?cid=8855418582831201794","https://atoran.pl",,,,,,,,"61-453"
,,,,,,,,,,,,"Onsite services",,"Droga Dębińska 13/9, 61-555 Poznań, Poland","Accountant","Accounting firm","Bookkeeping service","Tax preparation","Tax preparation service",,,,,"7022313609937198748","Poznań","PL","us","United States","16","0x47045b8e96cb5f55:0x61744505bdb29e9c","Yes","en","English","52.396679","","16.9345499","Biuro Rachunkowe Clear Finance Sp. z o.o.","Wilda, Poznań","55","533 854 335","+48 533 854 335","https://lh3.googleusercontent.com/gps-cs-s/AHVAweoy0T3ewyRmtJq7P14s1kumpE0yIYkwVvvGb7dPF7LCebfZaMbgJW4l9CiBOQl5TTsHD4Ff4XkPrX6nRMJMC1VS3bHSHpOsag3knYt7O6-bT_3cNmXdOVG2VgnY9JJp1WWvU-k=w4032-h3024-k-no","6","yU-oabbmB7KjptQP5ay_mQM","","","/g/11jr9jpl76","5","7","Poznan, Polska","księgowość","",,,,,,"","Open","Droga Dębińska 13/9","2026-03-04 16:29:13.886442",,,,,,,,"https://google.com/maps?cid=7022313609937198748","https://clearfinance.com.pl",,,,,,,,"61-555"
,,,,,,,,"Paid street parking","Paid parking garage",,,"Onsite services",,"Ulica Karola Libelta 1A, 61-706 Poznań, Poland","Accountant","Accounting firm","Bookkeeping service","Tax consultant","Tax preparation",,,,,"10691589210664888296","Poznań","PL","us","United States","17","0x47045bd48308c4d3:0x946027bd9a1467e8","Yes","en","English","52.4099564","","16.9234278","Sobieraj i Kuźmin Sp. z o.o. Biuro rachunkowe Poznań - KSIĘGOWOŚĆ | KADRY | DORADZTWO PODATKOWE","Stare Miasto","56","61 877 51 11","+48 61 877 51 11","https://streetviewpixels-pa.googleapis.com/v1/thumbnail?panoid=-qfhHx8oI19KFnDa2cHsJw&cb_client=search.gws-prod.gps&w=80&h=92&yaw=234.23859&pitch=0&thumbfov=100","1","yU-oabbmB7KjptQP5ay_mQM","","","/g/11qnqtvv87","5","24","Poznan, Polska","księgowość","","https://www.facebook.com/profile.php?id=100054428503272",,"https://www.linkedin.com/company/sobieraj-i-ku%c5%bamin-sp%c3%b3%c5%82ka-doradztwa-podatkowego",,,"","Open","Ulica Karola Libelta 1A","2026-03-04 16:29:13.886455",,,,,,,,"https://google.com/maps?cid=10691589210664888296","https://doradztwopodatkowe-sik.pl","biuro@doradztwopodatkowe-sik.pl",,,,,,,"61-706"
"Wheelchair accessible restroom",,,,"Gender-neutral restroom",,,,"Free street parking",,,,,,"Promienista 142, 60-142 Poznań, Poland","Bookkeeping service",,,,,,,,,"927157021831109522","Poznań","PL","us","United States","18","0x4704452307f17e2d:0xcddec6629409b92","Yes","en","English","52.3876073","","16.8685301","BIURO KSIĘGOWE","Grunwald","57","535 035 053","+48 535 035 053","https://lh3.googleusercontent.com/gps-cs-s/AHVAwers88m4yz954qt19V3A6dO1faKIaYmyciQvEsKf9yJK9RQ2bSD9bVQLGxWXgxYpovVO_nCMRHGCKvjHoRnWKREShTot3fw5SFJU7gz_7kz9rEXoldXAii-buBExhY4zLpkO1uwK=w2992-h4000-k-no","4","yU-oabbmB7KjptQP5ay_mQM","","","/g/11c529b2qk","5","17","Poznan, Polska","księgowość","",,,,,,"","Open","Promienista 142","2026-03-04 16:29:13.886469","biuro@mksalvia.pl","kontakt@businessmilestones.pl","info@pro-accountingoffice.co.uk","afo@afo.pl","biuro@flex-ksiegowosc.pl",,,"https://google.com/maps?cid=927157021831109522","https://ksiegowo.com.pl",,,,,,,,"60-142"
,,,,,,,,,,"Appointment required",,"Onsite services","Online appointments","Osiedle Zwycięstwa 7, domofon 160, 61-645 Poznań, Poland","Accountant","Accounting firm",,,,,,,,"7599970751365498274","Poznań","PL","us","United States","19","0x47045b3713bae843:0x69788521ca7fc5a2","Yes","en","English","52.442208","","16.9278764","Fineko. Accounting Poznan","Stare Miasto","58","697 162 826","+48 697 162 826","https://lh3.googleusercontent.com/gps-cs-s/AHVAwergf_BtuEWxuwENQdsesYIDgIih2AOLE-Rwlv-TsD89843WAXzIPmLkl6Eo32atlWhFmWk3jUs4yj75pU7h21o1BFC3NZtShymjy67JLDDRF-rElGa7kB0M4Ev0jxOkXx1LUwqS=w1047-h1050-k-no","5","yU-oabbmB7KjptQP5ay_mQM","","","/g/1hhlsgvpf","5","13","Poznan, Polska","księgowość","",,,,,,"","Open","Osiedle Zwycięstwa 7, domofon 160","2026-03-04 16:29:13.886483",,,,,,,,"https://google.com/maps?cid=7599970751365498274","https://fineko.com.pl",,,,,,,,"61-645"
,,,,,,,,,,,,,,"Babimojska 11, 60-161 Poznań, Poland","Accountant",,,,,,,,,"9473584760391156953","Poznań","PL","us","United States","20","0x4704451ed83cd85d:0x8378ef2578ab44d9","No","en","English","52.3920519","","16.8621368","Centrum Usług Rachunkowych - Anna Kuźniarek","Grunwald","59","61 862 86 46","+48 61 862 86 46","https://streetviewpixels-pa.googleapis.com/v1/thumbnail?panoid=dXWF38GVF_8hPI6xX6iENg&cb_client=search.gws-prod.gps&w=80&h=92&yaw=236.29272&pitch=0&thumbfov=100","1","yU-oabbmB7KjptQP5ay_mQM","","","/g/1tmpj6dr","5","2","Poznan, Polska","księgowość","",,,,,,"","Open","Babimojska 11","2026-03-04 16:29:13.886495","info@centrumrachunkowe.pl",,,,,,,"https://google.com/maps?cid=9473584760391156953","https://centrumrachunkowe.poznan.pl","biuro@centrumrachunkowe.poznan.pl",,,,,,,"60-161"
"Wheelchair accessible restroom","Wheelchair accessible seating","Wheelchair accessible entrance","Wheelchair accessible parking lot","Gender-neutral restroom","Transgender safespace","LGBTQ+ friendly",,"Paid street parking","Paid parking lot",,,"Onsite services",,"Strzelecka 29A/lok.39, II Piętro, 61-846 Poznań, Poland","Accountant","Accounting firm","Bookkeeping service",,,,,,,"8008769734804174271","Poznań","PL","us","United States","21","0x47045be7b344defb:0x6f24dda43ae6f5bf","Yes","en","English","52.402579499999995","","16.934635999999998","Certyfikowane Biuro Rachunkowe RZIS.pl","Stare Miasto","0","667 009 907","+48 667 009 907","https://lh3.googleusercontent.com/gps-cs-s/AHVAweqxI42jQEC1PNo5h-fNrjnGzOtmcKdgvC7Mna7uIljl6yugn02yRsSqPczhnwhcC9FjiZRr7uZywAQO1-Jir2rnuAo6ZO4fEiW8-MVGpy8Ral3KvswewVXn3n2NawmxRHJ7Gvx0=w4608-h3456-k-no","8","yU-oadvoCPPaptQP_aXygQE","","","/g/11y46ngtpc","4.9","159","Poznan, Polska","księgowość","","https://www.facebook.com/rzispl",,,,,"","Open","Strzelecka 29A/lok.39, II Piętro","2026-03-04 16:29:13.911600","iod@m3mcom.pl","kontakt@funduszfilar.pl","dburke@libertyvillageny.org","biuro@strategodk.pl","info@infakt.pl",,,"https://google.com/maps?cid=8008769734804174271","https://rzis.pl","kontakt@rzis.pl",,,,,,,"61-846"
"Wheelchair accessible entrance",,,,,"LGBTQ+ friendly",,,,,,,"Onsite services",,"Potockiej 25, 60-211 Poznań, Poland","Accountant","Accounting firm","Bookkeeping service","Certified public accountant","Virtual office rental",,,,,"2720988474387891732","Poznań","PL","us","United States","22","0x47044574864651ef:0x25c2e499ddd28614","Yes","en","English","52.391156699999996","","16.8969976","FakturTax biuro rachunkowe Poznań","Grunwald","1","501 264 565","+48 501 264 565","https://lh3.googleusercontent.com/gps-cs-s/AHVAweoVM-TPnBSwNi0nlCKZsdPuRJZuSITwo7CbXpilxql06HAm3_v1Z5kcAn-PNrKevpjxvLG9l6HTKtbtDK-jNjWD5qUcyjkN3lqppczhWVKJYUB95EVWQXuO1OFfSNoZ4M_yb7sN9GGXGai8=w2048-h2048-k-no","74","yU-oadvoCPPaptQP_aXygQE","","","/g/11h0333ljw","4.9","216","Poznan, Polska","księgowość","",,,,,,"","Open","Potockiej 25","2026-03-04 16:29:13.911695","filip@fakturtax.pl","anisanurmaulidya1@gmail.com",,,,,,"https://google.com/maps?cid=2720988474387891732","https://fakturtax.pl","kontakt@fakturtax.pl",,,,,,,"60-211"
"Wheelchair accessible entrance","Wheelchair accessible parking lot",,,,,,,,,,,,,"Święty Marcin 29/8, 61-806 Poznań, Poland","Accountant","Accounting firm","Auditor","Bookkeeping service","Business to business service","Income tax help association","Tax consultant","Tax preparation","Tax preparation service","6368642601112662508","Poznań","PL","us","United States","23","0x470445ec0c3a579d:0x5861f6b404bd71ec","Yes","en","English","52.4060808","","16.9259241","Biuro rachunkowe ATP","Stare Miasto","2","604 087 850","+48 604 087 850","https://lh3.googleusercontent.com/gps-cs-s/AHVAwepK7SBrV-NfPdLVE1-Pz8DMV5Z_NSGpF0vd-YQL6_DHMCOJKaF0RbHJr07nH0T8fnyuXmEFs46eAigeAPbUNtd92Y3tCGszUhtEWonQ9VTKCTXK16-doS0shTjt22ybZhC2nD0V=w6240-h4160-k-no","18","yU-oadvoCPPaptQP_aXygQE","","","/g/11jfrmd0ft","4.9","54","Poznan, Polska","księgowość","",,,,,,"","Open","Święty Marcin 29/8","2026-03-04 16:29:13.911723",,,,,,,,"https://google.com/maps?cid=6368642601112662508","https://atpksiegowosc.pl",,,,,,,,"61-806"
"Wheelchair accessible entrance","Wheelchair accessible parking lot",,,,"Transgender safespace","LGBTQ+ friendly","Identifies as women-owned","Free parking lot","Free street parking","Appointment required","Appointments recommended","Onsite services","Online appointments","Grunwaldzka 112, 60-308 Poznań, Poland","Accountant","Accounting firm","Bookkeeping service","Certified public accountant","Tax consultant","Tax preparation",,,,"6574154923815419146","Poznań","PL","us","United States","24","0x4704451fd29678fd:0x5b3c171264673d0a","Yes","en","English","52.395748","","16.8647554","Biuro Rachunkowe Poznań ""KZ""","Grunwald","3","61 291 71 98","+48 61 291 71 98","https://lh3.googleusercontent.com/gps-cs-s/AHVAwep2n3Ly8O7SAwuKfC3ECTc_hFGdG6sTYqisITUqDh309dh1kCKlKS0K6a03kBLurzV-tstLHMVXFtq_YMzs7PT555-PT_rovJ8fw98GBVjpXjiCkcXKoDfKsKN_2BOZPSaenMJTFmyzeygt=w1224-h836-k-no","444","yU-oadvoCPPaptQP_aXygQE","","","/g/1td3k8z3","5","107","Poznan, Polska","księgowość","",,,,,,"","Open","Grunwaldzka 112","2026-03-04 16:29:13.911757",,,,,,,,"https://google.com/maps?cid=6574154923815419146","https://brkz.pl",,,,,,,,"60-308"
"Wheelchair accessible entrance","Wheelchair accessible parking lot",,,,,,"Identifies as women-owned",,,,,,,"Promienista 62/4, 60-289 Poznań, Poland","Accountant","Accounting firm","Bookkeeping service","Tax preparation","Tax preparation service",,,,,"1740941729263870881","Poznań","PL","us","United States","25","0x470445dacd83c5c5:0x18291147636d63a1","Yes","en","English","52.393338299999996","","16.878939199999998","Biuro Rachunkowe Value Business - Księgowość","Grunwald","4","784 920 193","+48 784 920 193","https://lh3.googleusercontent.com/gps-cs-s/AHVAwer7nA4OqNz_cULsH7bcMWeJPCs9MqFEk-smAcMWIxho7sOaf77rAoOkgGPQ6wbQFsgG0NDuVyQ8HtoW3NCjqiP6Ftu_2wT80lrO9EgCm5iWwg0LoAJjQOcJVDO6eKVaLPqFHo24=w3260-h2777-k-no","17","yU-oadvoCPPaptQP_aXygQE","","","/g/11gxwr2152","4.9","67","Poznan, Polska","księgowość","","https://www.facebook.com/sharer.php?u=https%3a%2f%2fwww.valuebusiness.pl%2fco-zyskujesz%2f",,,"https://twitter.com/intent/tweet?text=co%20zyskujesz%20?&#038;url=https%3a%2f%2fwww.valuebusiness.pl%2fco-zyskujesz%2f",,"","Open","Promienista 62/4","2026-03-04 16:29:13.911783","vendorregistration@heathtx.com","accountspayable@heathtx.com","security@ovic.vic.gov.au","info@hyattsville.org",,,,"https://google.com/maps?cid=1740941729263870881","https://valuebusiness.pl","biuro@valuebusiness.pl",,,,,,,"60-289"
,,,,,,,,"Free parking lot",,"Appointment required",,"Onsite services","Online appointments","Pamiątkowa 2/35, 61-512 Poznań, Poland","Accountant","Financial consultant","Social security office",,,,,,,"18237214621578844101","Poznań","PL","us","United States","26","0x47045b25afd7d1dd:0xfd179a12cbc457c5","Yes","en","English","52.3870054","","16.9131459","Spectrum Biuro Rachunkowe","Wilda, Poznań","5","519 642 268","+48 519 642 268","https://lh3.googleusercontent.com/gps-cs-s/AHVAweoU8NKiEcdezyHVi5DOotJHDPkWhAGN4rDHil3dk4y59h8b5XI9oo9wurUOcuGsmjQxxJXndizM0bcG2xt4H-8k7ol8Uw7WmL8gWu2E_8IaXHMuMAPwhhknUeqmyNS0fQRf8i9I=w5704-h3808-k-no","6","yU-oadvoCPPaptQP_aXygQE","","","/g/1tcvsk99","4.7","24","Poznan, Polska","księgowość","",,,,,,"","Open","Pamiątkowa 2/35","2026-03-04 16:29:13.911806",,,,,,,,"https://google.com/maps?cid=18237214621578844101","https://biuro-spectrum.pl",,,,,,,,"61-512"
"Wheelchair accessible seating","Wheelchair accessible restroom",,,"Gender-neutral restroom","Transgender safespace","LGBTQ+ friendly",,,,,,,,"Strzelecka 29A, 61-846 Poznań, Poland","Accounting firm",,,,,,,,,"14346577789574688851","Poznań","PL","us","United States","27","0x47045bad8fb93769:0xc719487cfa1bb053","Yes","en","English","52.402579499999995","","16.934635999999998","Biuro Rachunkowe BRKM","Stare Miasto","6","604 179 541","+48 604 179 541","https://streetviewpixels-pa.googleapis.com/v1/thumbnail?panoid=QNB2njeVVvisd8qwPu_h0g&cb_client=search.gws-prod.gps&w=80&h=92&yaw=352.2942&pitch=0&thumbfov=100","1","yU-oadvoCPPaptQP_aXygQE","","","/g/11v003dhct","4.9","58","Poznan, Polska","księgowość","",,,,,,"","Open","Strzelecka 29A","2026-03-04 16:29:13.911831",,,,,,,,"https://google.com/maps?cid=14346577789574688851","https://brkm.com.pl",,,,,,,,"61-846"
,,,,,,,,,,,,,,"Przelot 76, 60-408 Poznań, Poland","Accountant","Accounting firm","Payroll service","Tax consultant",,,,,,"13602743944121307445","Poznań","PL","us","United States","28","0x4704448af91d0c2b:0xbcc6a78bf7f25135","Yes","en","English","52.4221844","","16.8558678","Biuro Rachunkowe Poznań Jóźwicki & Partners","Jeżyce, Poznań","7","61 845 37 80","+48 61 845 37 80","https://lh3.googleusercontent.com/gps-cs-s/AHVAwereuCqCUHR1o6nnQdQdwjXQ2ktwroP4KI7RgsD6JD-qLR7RTLyPlLz5k6iUv3Fx4j6ovZKLff3ZwwOtwGLxezGMn2DoEBkGuzVK7jXWNu-D_cLF9jKlUWHyzrndWxp296bKwG17NQ=w1896-h3191-k-no","20","yU-oadvoCPPaptQP_aXygQE","","","/g/11gg6bzs7q","4.8","36","Poznan, Polska","księgowość","",,,,,,"","Open","Przelot 76","2026-03-04 16:29:13.911851",,,,,,,,"https://google.com/maps?cid=13602743944121307445","https://mjn-jozwicki.pl",,,,,,,,"60-408"
"Wheelchair accessible entrance",,,,,,,"Identifies as women-owned","Free street parking",,,,,,"Skawińska 40, 61-333 Poznań, Poland","Accountant","Accounting firm","Bookkeeping service","Certified public accountant","Tax preparation service",,,,,"5130588311811740684","Poznań","PL","us","United States","29","0x47044546264850a1:0x473382e2f64f540c","Yes","en","English","52.3397213","","16.928699599999998","Biuro Rachunkowe Wera","Nowe Miasto","8","783 015 011","+48 783 015 011","https://lh3.googleusercontent.com/gps-cs-s/AHVAweonyFZz2BpwDy70Wk2_665bFzLrG8pyezpTkbumoYoC_2_BmRughoih1LNq_ISloEwgIxGkGjyQ9fh_RSVx9wFOaun_9zFaJX3pLxpg-izKWZAQ6yRMbdvRf_GP3bIJ5b3j_tzv=w512-h512-k-no","4","yU-oadvoCPPaptQP_aXygQE","","","/g/11y1s4wcb","4.8","21","Poznan, Polska","księgowość","","https://facebook.com/biuro.rachunkowe.poznan",,,"https://twitter.com/biurowera",,"","Open","Skawińska 40","2026-03-04 16:29:13.911875","contact@hurtowniawera.com","sklep@hurtowniawera.pl","poland.support@digikey.com",,,,,"https://google.com/maps?cid=5130588311811740684","https://wera360.pl",,,,,,,,"61-333"
,,,,,,,,,,"Appointment required",,"Onsite services","Online appointments","Jana Henryka Dąbrowskiego 77A, 60-529 Poznań, Poland","Bookkeeping service",,,,,,,,,"12313926761207465157","Poznań","PL","us","United States","30","0x470444b7ccce3c81:0xaae3db25b7f284c5","Yes","en","English","52.413851","","16.9005957","IN.COME Sp. z o. o.","Jeżyce, Poznań","9","660 092 400","+48 660 092 400","https://lh3.googleusercontent.com/gps-cs-s/AHVAweoDofeEPARNu3fTG1bC4g6lQKC7C_isbZ3dpqsOMizW1od-a8nYxk24mFIv5u_R4REoz2ZuokzEJKMmhV_MrRqnffImigR7iefrF25Bj4duigJIAvTRK6IjTUsTaTd0CI9u5OH2=w3024-h4032-k-no","4","yU-oadvoCPPaptQP_aXygQE","","","/g/11bw1xsrln","4.9","42","Poznan, Polska","księgowość","",,,,,,"","Open","Jana Henryka Dąbrowskiego 77A","2026-03-04 16:29:13.911898",,,,,,,,"https://google.com/maps?cid=12313926761207465157","https://in-come.pl",,,,,,,,"60-529"
"Wheelchair accessible parking lot",,,,,,,,,,,,"Onsite services","Online appointments","Mławska 11, 60-461 Poznań, Poland","Bookkeeping service","Accountant","Tax preparation",,,,,,,"191621486762362956","Poznań","PL","us","United States","31","0x4704439394a8946b:0x2a8c6ba19cd884c","Yes","en","English","52.4582329","","16.8481892","Biuro Rachunkowe - Podatkowe Zacisze","Jeżyce, Poznań","10","500 276 004","+48 500 276 004","https://lh3.googleusercontent.com/gps-cs-s/AHVAwerQhTsk4a3oh8VlA5Q3NGVgjKjfFuCma1OrNuvXGP652v7MeAfEbSeEZoZ1oc5jmOu3srMPfbShpwVrLdujbX7Ss5q27vDYImzbIetklF56BRem0cCXp5RXA1-Z7eqj8UBuZ_I=w500-h500-k-no","2","yU-oadvoCPPaptQP_aXygQE","","","/g/1trts__h","5","41","Poznan, Polska","księgowość","",,,,,,"","Open","Mławska 11","2026-03-04 16:29:13.911916","marek.karasiewicz@kttax.pl","office@taxservices.pl","kancelaria@mf.gov.pl",,,,,"https://google.com/maps?cid=191621486762362956","https://podatkowezacisze.pl","biuro@podatkowezacisze.pl",,,,,,,"60-461"
,,,,,,,"Identifies as women-owned",,,,,"Onsite services","Online appointments","Międzychodzka 2/8, 60-371 Poznań, Poland","Bookkeeping service",,,,,,,,,"4808026243770998178","Poznań","PL","us","United States","32","0x2ba12d93a5b8b375:0x42b98a650ab9dda2","Yes","en","English","52.4048241","","16.878209599999998","Biuro Rachunkowe MS Monika Stefaniak Poznań","Grunwald","11","503 553 249","+48 503 553 249","https://lh3.googleusercontent.com/gps-cs-s/AHVAwerrdPELjUubmkTbZRbBJdxf-ehyRq1dORHcUncr2OuvmfzxEvuSAsTTS3DRGGGNHG2gAOoPh5PZXINMHxXzREDz__dXUZbnWZQi6DxocoDDOtwcBElGzWPNBumwyZL_C6fV9kss=w1200-h1041-k-no","4","yU-oadvoCPPaptQP_aXygQE","","","/g/11x1xx826t","5","31","Poznan, Polska","księgowość","",,,,,,"","Open","Międzychodzka 2/8","2026-03-04 16:29:13.911938",,,,,,,,"https://google.com/maps?cid=4808026243770998178","https://biurorachunkowems.pl",,,,,,,,"60-371"
,,,,,,,"Identifies as women-owned",,,,,,,"Naramowicka 152a, 61-619 Poznań, Poland","Accountant","Accounting firm",,,,,,,,"5050865965191306283","Poznań","PL","us","United States","33","0x47045d1827e6b30b:0x461847d5af569c2b","No","en","English","52.4468621","","16.9478082","JP Joanna Niedworok-Nowak","Stare Miasto","12","609 804 676","+48 609 804 676","https://streetviewpixels-pa.googleapis.com/v1/thumbnail?panoid=FabPOnEiWPHg4eO_mbx4Gw&cb_client=search.gws-prod.gps&w=80&h=92&yaw=99.85184&pitch=0&thumbfov=100","1","yU-oadvoCPPaptQP_aXygQE","","","/g/11h5_vhvwm","4.8","16","Poznan, Polska","księgowość","",,,,,,"","Open","Naramowicka 152a","2026-03-04 16:29:13.911955",,,,,,,,"https://google.com/maps?cid=5050865965191306283","https://ibiurorachunkowe.net","biuro@ibiurorachunkowe.net",,,,,,,"61-619"
"Wheelchair accessible entrance","Wheelchair accessible parking lot",,,,,,,,,,,,,"Wenecjańska 7/1, 61-101 Poznań, Poland","Accountant","Bookkeeping service","Certified public accountant","Tax preparation service",,,,,,"3380768443300021004","Poznań","PL","us","United States","34","0x47045b4ad5392341:0x2eeae6fcb2bf830c","Yes","en","English","52.4092013","","16.941486299999998","Kancelaria Rachunkowa Denarius Sp. z o.o.","Stare Miasto","13","797 590 205","+48 797 590 205","https://lh3.googleusercontent.com/gps-cs-s/AHVAwepfOrUd25h5clSS_qDcIm4qWZ-xAZTCXi1WEHH33HUQoWvkA7lef9AtLBZLL_Xi_umCK6P3atgRelU_P_Kx9eOHT-AMRk9LA9JTC6OxCMOODO3FDeAMkfALyauIyuTgwi8qFrpb=w3024-h4032-k-no","5","yU-oadvoCPPaptQP_aXygQE","","","/g/1pp2txvw3","4.9","33","Poznan, Polska","księgowość","",,,,,,"","Open","Wenecjańska 7/1","2026-03-04 16:29:13.911982",,,,,,,,"https://google.com/maps?cid=3380768443300021004","https://denarius.com.pl",,,,,,,,"61-101"
"Wheelchair accessible seating",,,,"Gender-neutral restroom","Transgender safespace","LGBTQ+ friendly",,,,,,"Onsite services","Online appointments","Piekary 19/lok. 201, 61-823 Poznań, Poland","Tax preparation service",,,,,,,,,"6301119467730893576","Poznań","PL","us","United States","35","0x47045b8a6263545b:0x577212c56965fb08","Yes","en","English","52.405134999999994","","16.9271522","Taxeo Accounting Office Poznań - Accounting Poznań","Stare Miasto","14","22 382 58 00","+48 22 382 58 00","https://lh3.googleusercontent.com/gps-cs-s/AHVAwertSUBxlNFW75odro3e-XpifmqbJvla4IIo5r_Shuk6Q3Gh5lZznbpC5931S8zBE_p_y-cnhZ1sq7I5uXHFsdVHD0yxWsIaICehmpiBd8TI-pMdx_M_atJWtugVCTIxmylgky37=w588-h453-k-no","17","yU-oadvoCPPaptQP_aXygQE","","","/g/11vsd1x5nb","5","22","Poznan, Polska","księgowość","",,,,,,"","Open","Piekary 19/lok. 201","2026-03-04 16:29:13.912010",,,,,,,,"https://google.com/maps?cid=6301119467730893576","https://gdansk.taxeo.pl",,,,,,,,"61-823"
"Wheelchair accessible entrance","Wheelchair accessible restroom",,,"Gender-neutral restroom",,,"Identifies as women-owned",,,,,"Onsite services",,"Bogusławskiego 30/5, 60-214 Poznań, Poland","Accountant","Accounting firm","Bookkeeping service","Chartered accountant","Tax preparation",,,,,"15065432835462475823","Poznań","PL","us","United States","36","0x470444d5f5a35a8f:0xd1132b58013f302f","Yes","en","English","52.392402999999995","","16.8928109","AK-PLUS Biuro Rachunkowe Anna Klupczyńska","Grunwald","15","601 781 634","+48 601 781 634","https://lh3.googleusercontent.com/gps-cs-s/AHVAweqrtpTRp1bi0QaQmiqT9ValBYhtmfiNIgrL-HAPWbWLxQH3q7ZIexjqBezw2AXWDTWQu-J_UuvIrfJgLPJCLPcPTOr7grH7a8Rcz9yyKcdIhVXxw6b5JGo-XChBV3OZNMiN_ks=w5664-h4248-k-no","10","yU-oadvoCPPaptQP_aXygQE","","","/g/11hzm2lg1h","4.1","10","Poznan, Polska","księgowość","",,,,,,"","Open","Bogusławskiego 30/5","2026-03-04 16:29:13.912031",,,,,,,,"https://google.com/maps?cid=15065432835462475823","https://biurorachunkowe-poznan.eu",,,,,,,,"60-214"
,,,,,,,,,,,,,,"Szkolna 5/18, 61-832 Poznań, Poland","Accounting firm",,,,,,,,,"16647423895022108182","Poznań","PL","us","United States","37","0x47045bf96cae545f:0xe70787d4a8247e16","Yes","en","English","52.4069374","","16.9322431","Biuro Rachunkowe TAXO","Stare Miasto","16","61 307 01 77","+48 61 307 01 77","https://lh3.googleusercontent.com/gps-cs-s/AHVAwepp5BUM8kQEd8skhTbOZtvRZSMVOJzaGxMgMHdw236lxJArVGmSsUV32hlDrzndK3blokoQ_i-db2Hj0ah3ShFsHwY35CgkWHfkAfG0PCUoZPPV3KfY_uIESwcqsykboBEky8qycYP0i2sA=w1155-h732-k-no","8","yU-oadvoCPPaptQP_aXygQE","","","/g/11f5q8yr6r","4.8","125","Poznan, Polska","księgowość","",,,,,,"","Open","Szkolna 5/18","2026-03-04 16:29:13.912051",,,,,,,,"https://google.com/maps?cid=16647423895022108182","https://taxo-acc.pl",,,,,,,,"61-832"
,,,,,"Transgender safespace","LGBTQ+ friendly","Identifies as women-owned",,,"Appointment required",,"Onsite services","Online appointments","Wodna 15/11, 61-782 Poznań, Poland","Bookkeeping service","Accounting firm",,,,,,,,"5332473471663867816","Poznań","PL","us","United States","38","0x470445326d487945:0x4a00c05eacb807a8","Yes","en","English","52.4071011","","16.9374729","Kancelaria Usług Księgowych Tyniec & Partnerzy","Stare Miasto","17","883 753 345","+48 883 753 345","https://lh3.googleusercontent.com/gps-cs-s/AHVAwepiOJy_e27PsK20YeLGfQbr-9etHrVqzOaWeyF8wsKKN-Ts_lLkrDLTo9Y6s2MW-X7UURAB4dd4YOK3Nl5RGx6cARwOeSN8b2LYsBTUz0KX59hWNLjFeTPTtkpg3RkbJ_7-YyHEvw=w1536-h1030-k-no","16","yU-oadvoCPPaptQP_aXygQE","","","/g/11j8tj6vcl","5","88","Poznan, Polska","księgowość","",,,,,,"","Open","Wodna 15/11","2026-03-04 16:29:13.912071",,,,,,,,"https://google.com/maps?cid=5332473471663867816","https://kancelariatyniec.pl",,,,,,,,"61-782"
"Wheelchair accessible seating",,,,,,,,,,,,,,"Wierzbięcice 44a/lok. 40A, 61-568 Poznań, Poland","Accountant","Accounting firm","Bookkeeping service","Financial planner","Tax consultant","Tax preparation","Virtual office rental",,,"17872758480663917601","Poznań","PL","us","United States","39","0x47045b8ab93622ed:0xf808cb24ec52b421","Yes","en","English","52.3940554","","16.921581","TaxCoach Sp. z o.o. Biuro rachunkowe - KSIĘGOWOŚĆ | KADRY | PODATKI | ZARZĄDZANIE FINANSAMI | KONSULTING FINANSOWY","Wilda, Poznań","18","665 553 120","+48 665 553 120","https://lh3.googleusercontent.com/gps-cs-s/AHVAweoblHepPuXioeQbZMkwXrXbL_0FGLABjC1T7IsWlbtH7B1alHwSaukoepwPOX9WX1g-__Fw0xrsMZhY_xMh6xXvum49kZGX2wAAfDXwtuj6w9IVrcAt0m9tolG_MHCh60w21G-l7a9_NcU=w6123-h4082-k-no","8","yU-oadvoCPPaptQP_aXygQE","","","/g/11j03tzgt6","4.5","77","Poznan, Polska","księgowość","",,,,,,"","Open","Wierzbięcice 44a/lok. 40A","2026-03-04 16:29:13.912089",,,,,,,,"https://google.com/maps?cid=17872758480663917601","https://taxcoach.pl",,,,,,,,"61-568"
"Wheelchair accessible seating","Wheelchair accessible entrance","Wheelchair accessible restroom",,"Gender-neutral restroom","Transgender safespace","LGBTQ+ friendly","Identifies as women-owned","Paid parking lot",,,,"Onsite services",,"Centrum Biurowe, Winogrady, Gronowa 22/117, 61-655 Poznań, Poland","Accountant","Accounting firm","Bookkeeping service","Income tax help association","Tax preparation","Tax preparation service",,,,"4340081207709606124","Poznań","PL","us","United States","40","0x470444aad5999ae7:0x3c3b10dd19e120ec","Yes","en","English","52.430121199999995","","16.9345206","Business Profit Biuro Rachunkowe","Stare Miasto","19","663 944 465","+48 663 944 465","https://lh3.googleusercontent.com/gps-cs-s/AHVAweq16JLbmfINF5zG4UZ4POwARX5TCaR4wQoJRhv2ggkugcNa_sULj818d5yCLsTEokinp-blZiWpyQ4nGMR3I2No8D-vee-NM7_2-FNpiFYqPaf5g5lX9w_s-OQwT3-OPBGBO8s=w960-h796-k-no","8","yU-oadvoCPPaptQP_aXygQE","","","/g/11b6jk3hgt","5","43","Poznan, Polska","księgowość","","https://www.facebook.com/biuro.profit.poznan/",,,,,"","Open","Centrum Biurowe, Winogrady, Gronowa 22/117","2026-03-04 16:29:13.912112","admin@eacd.org","honorata@amu.edu.pldominika","wojciech.rosikiewicz@stjude.org",,,,,"https://google.com/maps?cid=4340081207709606124","https://profit-poznan.pl","biuro@profit-poznan.pl",,,,,,,"61-655"
"Wheelchair accessible entrance",,,,"Gender-neutral restroom",,,"Identifies as women-owned",,,,,"Onsite services",,"Perzycka 22, 60-182 Poznań, Poland","Accountant","Accounting firm","Bookkeeping service","Legal services","Tax consultant","Tax preparation","Tax preparation service",,,"12775354338054249193","Poznań","PL","us","United States","41","0x47044448e60d6e55:0xb14b2d156f781ae9","Yes","en","English","52.411921199999995","","16.8187704","Taxodus Biuro Księgowe Poznań Ławica Biuro Rachunkowe - Księgowość Kadry i Płace","Grunwald","21","537 700 174","+48 537 700 174","https://lh3.googleusercontent.com/gps-cs-s/AHVAweqt4deCLpWyjA-qz-vhzt-NQQGrYrMog5-dgHzODgM7zE0tHTzDfzkiepUcDs_2S5_J-KRejc4e9Vm5uCwAq35RmHGlJuQSX85wq2WJROZYw7Ad5SZ0XIYYh_EZpjqlhm1YSA=w2121-h1414-k-no","15","yU-oaaKGCcKW5OMPkuOM0Qg","","","/g/11ckqn8_n4","4.9","31","Poznan, Polska","księgowość","",,,,,,"","Open","Perzycka 22","2026-03-04 16:29:13.955025","sekretariat@taxodus.pl",,,,,,,"https://google.com/maps?cid=12775354338054249193","https://taxodus.pl",,,,,,,,"60-182"
"Wheelchair accessible seating",,,,"Gender-neutral restroom","Transgender safespace","LGBTQ+ friendly","Identifies as women-owned","Paid street parking",,,,"Onsite services",,"Przemysłowa 46A/6U, 61-541 Poznań, Poland","Accountant","Accounting firm","Bookkeeping service","Business to business service","Payroll service",,,,,"15581496695228065283","Poznań","PL","us","United States","42","0x47045b2665b149db:0xd83c98b0a3fde603","Yes","en","English","52.395914499999996","","16.9183383","Biuro Rachunkowe EKONOMIK","Wilda, Poznań","23","602 330 036","+48 602 330 036","https://lh3.googleusercontent.com/gps-cs-s/AHVAwepZA4FH3Vl-kSGG2_TUbrozvW3Dpm2W8sXocQK9i3owcWAQ9w7bcXTD5VOpCQhaxNuQO2D3CGoLwUun1nhvenrsr-qoWqRaCovxCfy41nMI_17u9174bfO1xOCYlY3Tn_JQD3xlZaBOtOA=w1600-h1200-k-no","4","yU-oaaKGCcKW5OMPkuOM0Qg","","","/g/1tdz3j7h","4.9","37","Poznan, Polska","księgowość","","https://www.facebook.com/people/ekonomik-biuro-rachunkowe/61578006587125/#","https://www.instagram.com/ekonomikbiurorachunkowe/",,,"https://www.youtube.com/channel/ucqdi4dm-zwterxe0ofifb2q","","Open","Przemysłowa 46A/6U","2026-03-04 16:29:13.955068","katarzyna.suminska@macmillan.pl","sekretariat@wsei.lublin.pl",,,,,,"https://google.com/maps?cid=15581496695228065283","https://ekonomiksc.pl","biuro@ekonomiksc.pl",,,,,,,"61-541"
"Wheelchair accessible seating",,,,"Gender-neutral restroom",,,,,,,,,,"Kamiennogórska 7/lok.U3, 60-179 parter, Poland","Accounting firm",,,,,,,,,"10830056555424813151","parter","PL","us","United States","43","0x416539995f297eed:0x964c170e9b7c905f","Yes","en","English","52.391738499999995","","16.8447419","AM Kancelaria Rachunkowa Sp. z o.o.","Grunwald","24","509 060 008","+48 509 060 008","https://lh3.googleusercontent.com/gps-cs-s/AHVAwep1bAqsSjb4p4W2L3MLeqvHWqaLNwKzx8hIr4J1pGXqDInZ5d8oSKJdSrDBOeQAS0iTM_DdTV3e_T9wGoJmyVJSsuoMgUmc4xbrqKTnVmtyotmngyu2romGDJs2XdMrM1Ub4i4=w3024-h4032-k-no","33","yU-oaaKGCcKW5OMPkuOM0Qg","","","/g/11b6s31clh","5","54","Poznan, Polska","księgowość","",,,,,,"","Open","Kamiennogórska 7/lok.U3","2026-03-04 16:29:13.955084",,,,,,,,"https://google.com/maps?cid=10830056555424813151","https://uslugiksiegowepoznan.pl",,,,,,,,"60-179"
"Wheelchair accessible parking lot",,,,"Gender-neutral restroom",,,"Identifies as women-owned",,,,,,,"Limanowskiego 21, 60-744 Poznań, Poland","Accountant","Accounting firm","Bookkeeping service",,,,,,,"12709133193309338127","Poznań","PL","us","United States","44","0x47044569417431b1:0xb05fe94dae543a0f","Yes","en","English","52.3974729","","16.8971297","Marta Sowa","Grunwald","25","606 553 563","+48 606 553 563","https://lh3.googleusercontent.com/gps-cs-s/AHVAweo6TGLf2_nLkXiABG-PJ-aA0lf7DjdRLB2XngeHCAuzSmDec4sqVHW-SY7kUrxC3iWk1AEc_3aL1A244fNWhumPWO3CtCvQxDoYF_VeIeoKohqkH1Pc_jUJHc8q7eZ6xyHQL9a2=w8688-h5792-k-no","13","yU-oaaKGCcKW5OMPkuOM0Qg","","","/g/11g1s_jxjq","4.7","14","Poznan, Polska","księgowość","",,,,,,"","Open","Limanowskiego 21","2026-03-04 16:29:13.955098",,,,,,,,"https://google.com/maps?cid=12709133193309338127","https://ksiegowa-sowa.pl",,,,,,,,"60-744"
"Wheelchair accessible restroom","Wheelchair accessible seating","Wheelchair accessible parking lot",,"Gender-neutral restroom",,,"Identifies as women-owned","Paid street parking","Paid parking lot",,,"Onsite services","Online appointments","Ulica Karola Libelta 27/W4, 61-707 Poznań, Poland","Accountant","Accounting firm","Auditor","Bookkeeping service","Certified public accountant","Income tax help association","Occupational safety and health","Tax preparation","Tax preparation service","18080243295856534969","Poznań","PL","us","United States","45","0x47044fa6cbe43b3d:0xfae9ed7bfe2aa5b9","Yes","en","English","52.412055599999995","","16.9187431","SmcTax","Stare Miasto","26","513 669 044","+48 513 669 044","https://lh3.googleusercontent.com/gps-cs-s/AHVAwepc44zygiknX7Jj3Fd5M2YJd8oBSjslvPBy7kY3vwdTg-hPBAF2i9yl1eIKNCTZOi673MWJnXbHYgKMf7JGc8LvbvM3f3LmyMBowvUAZ4SUTLEhoN1xRcbnXwSZnz1ToTGKQTj3Mw=w1024-h682-k-no","34","yU-oaaKGCcKW5OMPkuOM0Qg","","","/g/11stvtmdxg","4.8","17","Poznan, Polska","księgowość","",,,,,,"","Open","Ulica Karola Libelta 27/W4","2026-03-04 16:29:13.955115","schan@smctax.com","taxmaster@smcgov.org","neil@smartaxcorp.com","biuro@smctax.pl","scctax@fin.sccgov.org",,,"https://google.com/maps?cid=18080243295856534969","https://smctax.pl",,,,,,,,"61-707"
"Wheelchair accessible entrance","Wheelchair accessible parking lot",,,,,,,,,,,,,"os. Bolesława Chrobrego 39/112, 60-681 Poznań, Poland","Accountant",,,,,,,,,"12421868855685055476","Poznań","PL","us","United States","46","0x470443456e46043f:0xac6357e90d9883f4","Yes","en","English","52.445651999999995","","16.915072","Biuro Rachunkowe PIT","Stare Miasto","29","61 822 63 97","+48 61 822 63 97","https://lh3.googleusercontent.com/gps-cs-s/AHVAwepTXFd_H7zMAfhXghPafr26eVFR-NM5vYxooX9vyT9s8g0siBXYllzQYRhQx8RUn3PQv32VQc1Ebg-qi477XUa19zrCFvsjt-xJ2QtrSyBH0mtViaMhFf3BCZu7ibUaxfS0iNo=w5760-h3840-k-no","14","yU-oaaKGCcKW5OMPkuOM0Qg","","","/g/1w3459v4","4.9","31","Poznan, Polska","księgowość","",,,,,,"","Open","os. Bolesława Chrobrego 39/112","2026-03-04 16:29:13.955158","bok@pitbull.pl","kontakt@vbiuro.com","biuro@biuroplus.pl","biuro@pidpolska.pl","biuro@pit-elk.pl","rodo@interbiuro.pl","biuro@fiorentini.com","https://google.com/maps?cid=12421868855685055476","https://pitbiuro.pl","biuro@pitbiuro.pl",,,,,,,"60-681"
,,,,,"Transgender safespace","LGBTQ+ friendly","Identifies as women-owned",,,,,,,"Półwiejska 45/4, 61-886 Poznań, Poland","Accounting firm",,,,,,,,,"4923982491761135839","Poznań","PL","us","United States","47","0x47045b892afa2f7f:0x44557ffce5aa50df","Yes","en","English","52.4006191","","16.9282207","Biuro rachunkowe MOLARD","Stare Miasto","30","518 049 002","+48 518 049 002","https://lh3.googleusercontent.com/gps-cs-s/AHVAwerckuLI9tZ4bCGvAHkK3Z7rK-56vw5Zyj2a5Umm4N0PEzAdFRBWBU_SUBqQVHkzO81kzpdb2BWuQeqxEF5mU9MEqBmEmwGogzBIkN9cEpkyLAMtDa1MrIuN8F6W_iqL6yhdtCmI4PkXl8lp=w3064-h4400-k-no","4","yU-oaaKGCcKW5OMPkuOM0Qg","","","/g/11yrdwj6v3","5","1","Poznan, Polska","księgowość","",,,,,,"","Open","Półwiejska 45/4","2026-03-04 16:29:13.955172",,,,,,,,"https://google.com/maps?cid=4923982491761135839","https://molard.pl",,,,,,,,"61-886"
,,,,,,,,,,,,,,"Ptasia 20B, 60-319 Poznań, Poland","Accountant","Accounting firm","Bookkeeping service","Tax preparation","Tax preparation service",,,,,"7290774711526675184","Poznań","PL","us","United States","48","0x470444c7d01e8cab:0x652e08f8d1f2d2f0","Yes","en","English","52.400826599999995","","16.8576503","G-TAX","Grunwald","31","608 640 562","+48 608 640 562","https://lh3.googleusercontent.com/gps-cs-s/AHVAweo2Qhw8hCpEA98p5SSNTFejYYFNNUXrXJdI1A1B4ASlloNc8oXSGPptIRpEMovQXe1D_oeNSzQmCFXRQ4pyHNvnx7TkC9Nw107eolCasSkOQwexnuQFy4yhM4PG9NHv3WnTjZOh=w3990-h3024-k-no","4","yU-oaaKGCcKW5OMPkuOM0Qg","","","/g/12hnbwjlk","4.9","29","Poznan, Polska","księgowość","",,,,,,"","Open","Ptasia 20B","2026-03-04 16:29:13.955185","info@gtaxfile.com","dol.ctfmla@ct.gov","1099helpdesk@usda.gov",,,,,"https://google.com/maps?cid=7290774711526675184","https://g-tax.pl","biuro@g-tax.pl",,,,,,,"60-319"
,,,,,,,,,,,,,,"Pamiątkowa 2, 61-512 Poznań, Poland","Accountant",,,,,,,,,"14027134451144605524","Poznań","PL","us","United States","49","0x47045bb9e2fe8371:0xc2aa6476e11e3f54","Yes","en","English","52.386457799999995","","16.9128141","TaxShield Biuro Rachunkowe Online","Wilda, Poznań","32","531 331 479","+48 531 331 479","https://lh3.googleusercontent.com/gps-cs-s/AHVAweo2MskIfRjN0lyagFm6INSjyplCv1I6yDmzVTKpoOBXmlhGBlTQi6HCXRTShI3GsuVq2AV-8rdGNWtTXPQzIhDswD9CdGXczpho029LzRY0RrYjLfRDNhHlU6N21nhxznwWuhw5fg=w4624-h3472-k-no","8","yU-oaaKGCcKW5OMPkuOM0Qg","","","/g/11h1lh_w66","4.8","152","Poznan, Polska","księgowość","",,,,,,"","Open","Pamiątkowa 2","2026-03-04 16:29:13.955199","biuro@taxshield.pl","dev.taxshield@gmail.com",,,,,,"https://google.com/maps?cid=14027134451144605524","https://taxshield.pl",,,,,,,,"61-512"
"Wheelchair accessible seating",,,,,,,,,,,,,,"Bosa 12a/5, 60-125 Poznań, Poland","Accountant","Accounting firm",,,,,,,,"3051899717962065212","Poznań","PL","us","United States","50","0x4704452e7e1ed3bd:0x2a5a869fb33e653c","Yes","en","English","52.3834489","","16.8888198","OPTIMUM - Accounting Office Poznan","Grunwald","33","692 247 448","+48 692 247 448","https://lh3.googleusercontent.com/gps-cs-s/AHVAwerjN5xWMw7R11NF7eEugace91nZ8HjW5l1QfiJInDvC-uk9yUZalt3GQqKemJq3Een6XctnXKEntv455e4jO5g0Gp7OcqAdNJN41EtXZgiiCtUTed4xKkEhnYEWtmaZXcvz2JdR=w851-h315-k-no","12","yU-oaaKGCcKW5OMPkuOM0Qg","","","/g/1tdg6hdk","5","1","Poznan, Polska","księgowość","",,,,,,"","Open","Bosa 12a/5","2026-03-04 16:29:13.955215",,,,,,,,"https://google.com/maps?cid=3051899717962065212","https://optimumbiuro.com.pl",,,,,,,,"60-125"
,,,,,,,,,,,,,,"Strzelecka 29A/39, 61-846 Poznań, Poland","Accounting firm",,,,,,,,,"11952003219968864486","Poznań","PL","us","United States","51","0xa67da9e496dcfd89:0xa5de0b9aa891b0e6","Yes","en","English","52.402579499999995","","16.934635999999998","KANCELARIA RACHUNKOWA KMN PRESTIGE SPÓŁKA Z OGRANICZONĄ ODPOWIEDZIALNOŚCIĄ","Stare Miasto","34","669 787 648","+48 669 787 648","https://lh3.googleusercontent.com/gps-cs-s/AHVAwep7UpJ7zeuVvU63A1C0By9NHocKnroScHVz-oAXhPOeKeQCfkwd2_73IdJJkTsVdDNob-mXlGg5VAtO4EWQcpnB6ETNYTEwxipYqprthzM1ineJK6bHkrlUg5rFuQvKqGk9ePoi=w1170-h1170-k-no","2","yU-oaaKGCcKW5OMPkuOM0Qg","","","/g/11y3y8snws","5","19","Poznan, Polska","księgowość","",,,,,,"","Open","Strzelecka 29A/39","2026-03-04 16:29:13.955226",,,,,,,,"https://google.com/maps?cid=11952003219968864486","https://kmnprestige.pl",,,,,,,,"61-846"
"Wheelchair accessible seating",,,,,,,"Identifies as women-owned",,,,,"Onsite services",,"osiedle Rusa 54/9, 61-245 Poznań, Poland","Accountant","Accounting firm","Bookkeeping service","Tax preparation",,,,,,"1633526891867921110","Poznań","PL","us","United States","52","0x47045b35310e6bc7:0x16ab740da8d5dad6","Yes","en","English","52.391327","","16.9868913","Biuro rachunkowe Poznań Nowoczesne Systemy Finansowe","Nowe Miasto","35","661 660 071","+48 661 660 071","https://lh3.googleusercontent.com/gps-cs-s/AHVAweoCyN8MbQdGbiR0x3CUe_2TsT2uVnzBHWacYiPNWUWgWPaODaag7EZb_vd9HPDf1xFsPrHMS61vrivg0gwuEAhVbHlX3xlwzpptIOgi70cWSwruFsot2kx44v32w9yOHJa6sidvpA=w680-h510-k-no","16","yU-oaaKGCcKW5OMPkuOM0Qg","","","/g/1tfghj9r","5","21","Poznan, Polska","księgowość","",,,,,,"","Open","osiedle Rusa 54/9","2026-03-04 16:29:13.955238","media@nsf.gov","info@nsf.gov","certifiedforsport@nsf.org","oise-bsf@nsf.gov","nsf-redzikowo-admin@us.navy.mil",,,"https://google.com/maps?cid=1633526891867921110","https://nsf.com.pl","lukasz.biernat@nsf.com.pl",,,,,,,"61-245"
,,,,,,,,,,"Appointments recommended",,,,"Zgoda 14/10, 60-128 Poznań, Poland","Accountant",,,,,,,,,"11664572350052586182","Poznań","PL","us","United States","53","0x4704452e13c74961:0xa1e0e2c035ba52c6","Yes","en","English","52.3837056","","16.8838504","Księgowy EXPERT","Grunwald","36","507 548 604","+48 507 548 604","https://lh3.googleusercontent.com/gps-cs-s/AHVAwerr_EN8SqerAOCng0WWV4o7wJTdLcW5CbEay868xV7BuUNt21faEz_arvukh2le6wdBd-tImTgP7UXF4hMuJP5_zvgqZCevIzY4FzUfjYZ_NO7x1K9V19jjIvBZwFKKMJ1MShx6=w2048-h1536-k-no","3","yU-oaaKGCcKW5OMPkuOM0Qg","","","/g/1pp2vgjsj","4.4","39","Poznan, Polska","księgowość","",,,,,,"","Open","Zgoda 14/10","2026-03-04 16:29:13.955253","biuro@ksiegowyexpert.pl","biuro@ksiegowy-ekspert.pl","faktury@firmaoptimal.pl","r.szymanska@rsarchitektura.pl",,,,"https://google.com/maps?cid=11664572350052586182","https://ksiegowyexpert.pl",,,,,,,,"60-128"
,,,,,,,,"Free parking lot","On-site parking",,,,,"Wilczak 14A/214, 61-623 Poznań, Poland","Accountant","Accounting firm","Bookkeeping service","Income tax help association","Tax consultant","Tax preparation","Tax preparation service",,,"6886557626039215992","Poznań","PL","us","United States","54","0x47045dacc59919df:0x5f91f7aca1532778","Yes","en","English","52.429733399999996","","16.9512183","Biuro Rachunkowe Poznań - Ingenium Sp. z o.o.","Stare Miasto","37","517 230 852","+48 517 230 852","https://lh3.googleusercontent.com/gps-cs-s/AHVAweoCuHxO2rPZkK4BP2xUwZcxF0GDjl_6RD6WHscGVpAeFhaXJKrwmsE0qNFPRh709ejO2tcCN0RQo5z8IMgWCDWh0m8jtndmj8S7yvsuZjzW5B_NfSknmZgpEWBYGO-ycbh5o6e1KbH1HVU=w5712-h4284-k-no","7","yU-oaaKGCcKW5OMPkuOM0Qg","","","/g/11h10fqrlg","5","13","Poznan, Polska","księgowość","",,,,,,"","Open","Wilczak 14A/214","2026-03-04 16:29:13.955271",,,,,,,,"https://google.com/maps?cid=6886557626039215992","https://br-ingenium.pl",,,,,,,,"61-623"
"Wheelchair accessible restroom","Wheelchair accessible seating","Wheelchair accessible entrance","Wheelchair accessible parking lot","Gender-neutral restroom","LGBTQ+ friendly",,"Identifies as women-owned",,,,,"Onsite services",,"Toruńska 7, 61-045 Poznań, Poland","Accountant","Accounting firm",,,,,,,,"17909870924395620156","Poznań","PL","us","United States","55","0x47045b9cbaac2495:0xf88ca4b715b2a73c","Yes","en","English","52.411117999999995","","16.9835714","Mega Lex Corp.","Nowe Miasto","38","731 317 777","+48 731 317 777","https://lh3.googleusercontent.com/gps-cs-s/AHVAwep1MPyBRsrmcVev1mQUYEYrDSnaFA1UeuDvVAytCn4DdVa9sNBmPz9CksUjIdEgwR4X4vg7NwjK5PCi5whJpMq3omSrCc0UvbX05YjgpiZ4g9M6Nnpm7b04xKnaqXr7s-Ttsipg=w3000-h2000-k-no","27","yU-oaaKGCcKW5OMPkuOM0Qg","","","/g/1jkyqw5st","4.8","24","Poznan, Polska","księgowość","",,,,,,"","Open","Toruńska 7","2026-03-04 16:29:13.955293",,,,,,,,"https://google.com/maps?cid=17909870924395620156","https://megalex.pl",,,,,,,,"61-045"
,,,,,,,,,,,,,,"Bychawska 17, 61-315 Poznań, Poland","Bookkeeping service",,,,,,,,,"4797716992233208080","Poznań","PL","us","United States","56","0x47045bce7cdde7ef:0x4294ea2f5eea7910","Yes","en","English","52.358714299999995","","16.983213499999998","Biuro Rachunkowe JW","Nowe Miasto","39","665 106 769","+48 665 106 769","https://lh3.googleusercontent.com/gps-cs-s/AHVAwep48d9RqhBbQWaHGuUq8HlwDhYWJLoSdFHgOZg31r29EhWPtZKPtLNnZkSpfJve6-fBqJ_HBKJ2L1WbNJeH3S3fz0lxLmIY2FGoX4JEWPCG4LEjIMpDdvEdrFtpgfUkgYx65vw=w3000-h2000-k-no","2","yU-oaaKGCcKW5OMPkuOM0Qg","","","/g/11sk9xkyvh","5","2","Poznan, Polska","księgowość","",,,,,,"","Open","Bychawska 17","2026-03-04 16:29:13.955309","cecylia@biurorachunkoweglowacka.pl","biuro@jw-tax.pl","biuro@efkasc.pl","biuro@brooklyn.pl",,,,"https://google.com/maps?cid=4797716992233208080","https://biurorachunkowejw.pl","biuro@biurorachunkowejw.pl",,,,,,,"61-315"
