"additionalInfo/info/Accessibility/0","additionalInfo/info/Accessibility/1","additionalInfo/info/Accessibility/2","additionalInfo/info/Accessibility/3","additionalInfo/info/Amenities/0","additionalInfo/info/Crowd/0","additionalInfo/info/Crowd/1","additionalInfo/info/From the business/0","additionalInfo/info/Parking/0","additionalInfo/info/Parking/1","additionalInfo/info/Parking/2","additionalInfo/info/Planning/0","additionalInfo/info/Planning/1","additionalInfo/info/Service options/0","additionalInfo/info/Service options/1","address","categories/0","categories/1","categories/2","categories/3","categories/4","categories/5","categories/6","categories/7","categories/8","cid","city","country","country_code","country_name","display_rank","gid","isClaimed","language_code","language_name","latitude","longDescription","longitude","name","neighborhood","original_rank","phone","phoneIsd","photo","photoCount","placeId","priceRange","priceRangeText","providerId","rating","reviewCount","searchLocation","searchTerm","shortDescription","social/facebook/0","social/instagram/0","social/linkedin/0","social/twitter/0","social/youtube/0","state","status","street","timestamp","uncertain_emails/0","uncertain_emails/1","uncertain_emails/2","uncertain_emails/3","uncertain_emails/4","uncertain_emails/5","uncertain_emails/6","uncertain_emails/7","url","website","website_emails/0","website_emails/1","website_emails/2","website_emails/3","website_emails/4","website_emails/5","website_emails/6","website_emails/7","website_emails/8","website_emails/9","website_emails/10","website_emails/11","zip"
"Wheelchair accessible entrance",,,,,,,,,,,,,"Onsite services","Online appointments","Kamienicka 11, 60-164 Poznań, Poland","Bookkeeping service","Accounting firm",,,,,,,,"2860132865285517867","Poznań","PL","us","United States","1","0x4704451761cf7a37:0x27b13baff5c3722b","Yes","en","English","52.3797547","","16.8506592","Wikom Biuro Rachunkowe","Grunwald","21","61 863 02 81","+48 61 863 02 81","https://lh3.googleusercontent.com/gps-cs-s/AHVAweq_3xZ1FSUkLBo1jdGKsCba6vNgcAir12WaoWzuaAmITJmCcYcSVLI4tSZK2h51McTKNgn5JLlroxzs3IuG-KtNnmG4gOc1lcJHdlWlFfgUbR-twrFSOfDQRhMr7Y_jLJr9lk47FA=w4032-h3024-k-no","5","YEeoacLMGOurw8cP-97NcQ","","","/g/1tnqfpkv","4.8","28","Poznan, Polska","biuro rachunkowe","",,,,,,"","Open","Kamienicka 11","2026-03-04 15:53:21.039480","biuro@bsie.waw.pl","leszek@bsie.waw.pl",,,,,,,"https://google.com/maps?cid=2860132865285517867","https://wikombiuro.pl","wikom@wikombiuro.pl",,,,,,,,,,,,"60-164"
,,,,,,,,,,,"Appointment required",,"Onsite services","Online appointments","Jana Henryka Dąbrowskiego 77A, 60-529 Poznań, Poland","Bookkeeping service",,,,,,,,,"12313926761207465157","Poznań","PL","us","United States","2","0x470444b7ccce3c81:0xaae3db25b7f284c5","Yes","en","English","52.413851","","16.9005957","IN.COME Sp. z o. o.","Jeżyce, Poznań","22","660 092 400","+48 660 092 400","https://lh3.googleusercontent.com/gps-cs-s/AHVAweoDofeEPARNu3fTG1bC4g6lQKC7C_isbZ3dpqsOMizW1od-a8nYxk24mFIv5u_R4REoz2ZuokzEJKMmhV_MrRqnffImigR7iefrF25Bj4duigJIAvTRK6IjTUsTaTd0CI9u5OH2=w3024-h4032-k-no","4","YEeoacLMGOurw8cP-97NcQ","","","/g/11bw1xsrln","4.9","42","Poznan, Polska","biuro rachunkowe","",,,,,,"","Open","Jana Henryka Dąbrowskiego 77A","2026-03-04 15:53:21.039533","payroll.help.dor@dor.oregon.gov",,,,,,,,"https://google.com/maps?cid=12313926761207465157","https://in-come.pl","kancelaria@in-come.pl","bok@neofin.pl",,,,,,,,,,,"60-529"
,,,,"Gender-neutral restroom","Transgender safespace","LGBTQ+ friendly","Identifies as women-owned",,,,"Appointment required",,"Onsite services","Online appointments","Sielska 8, 60-129 Poznań, Poland","Accountant","Bookkeeping service","Payroll service","Tax preparation","Tax preparation service",,,,,"12572344706296374871","Poznań","PL","us","United States","3","0x470444ec81876bc1:0xae79f0e6348ee657","Yes","en","English","52.384895","","16.8865709","Accounting Office Rachunkovnia sp. O.o.","Grunwald","23","61 297 50 00","+48 61 297 50 00","https://lh3.googleusercontent.com/gps-cs-s/AHVAweoeGVZh9XrLDp6hZICrOlOUiGkeb-m0GDKoy0eUGnyDlHVYSbU6ykeri1d5-BPH_0nctNmLud6bhZu5VG7fYMieucLaYIE0qRnMSrE324vz0yiFZvZc_FmZalo8aMbTWZ1JVwo=w5938-h3876-k-no","12","YEeoacLMGOurw8cP-97NcQ","","","/g/1hhwvd1kz","4.2","21","Poznan, Polska","biuro rachunkowe","",,,,,,"","Open","Sielska 8","2026-03-04 15:53:21.039556",,,,,,,,,"https://google.com/maps?cid=12572344706296374871","https://rachunkovnia.pl","biuro@rachunkovnia.pl","kariera@rachunkovnia.pl",,,,,,,,,,,"60-129"
,,,,,,,,,,,,,,,"27 Grudnia 7E/20, 61-737 Poznań, Poland","Accounting firm",,,,,,,,,"10050168258136036029","Poznań","PL","us","United States","4","0x47045b57448f64a7:0x8b795ec85f1ad2bd","Yes","en","English","52.407823","","16.924342","Biuro Rachunkowe Natalia Wanat","Stare Miasto","24","570 563 275","+48 570 563 275","https://lh3.googleusercontent.com/gps-cs-s/AHVAweoSWsUt6TgsJr5O_vIUTfgeOY5CkZ38S4YzmXFFan6ymgY-vjcmPDqF72tTwDb3uREzgVuyfJcVv-UAFsJmyqx48LEkcG296Ca_K8ynQ9clds7CE2turTAYLIl7Br4FFUDDLDg=w3712-h3005-k-no","3","YEeoacLMGOurw8cP-97NcQ","","","/g/11qbbdrpzp","4.8","22","Poznan, Polska","biuro rachunkowe","",,,,,,"","Open","27 Grudnia 7E/20","2026-03-04 15:53:21.039571",,,,,,,,,"https://google.com/maps?cid=10050168258136036029","https://ksiegowosc-wanat.com","1eeb89147c984dc6bc3ffafd9e6cd089@sentry.wixpress.com","8c4075d5481d476e945486754f783364@sentry.io","8eb368c655b84e029ed79ad7a5c1718e@sentry.wixpress.com","natalia@ksiegowosc-wanat.com",,,,,,,,,"61-737"
,,,,,,,"Identifies as women-owned",,,,,,,,"Naramowicka 152a, 61-619 Poznań, Poland","Accountant","Accounting firm",,,,,,,,"5050865965191306283","Poznań","PL","us","United States","5","0x47045d1827e6b30b:0x461847d5af569c2b","No","en","English","52.4468621","","16.9478082","JP Joanna Niedworok-Nowak","Stare Miasto","25","609 804 676","+48 609 804 676","https://streetviewpixels-pa.googleapis.com/v1/thumbnail?panoid=FabPOnEiWPHg4eO_mbx4Gw&cb_client=search.gws-prod.gps&w=80&h=92&yaw=99.85184&pitch=0&thumbfov=100","1","YEeoacLMGOurw8cP-97NcQ","","","/g/11h5_vhvwm","4.8","16","Poznan, Polska","biuro rachunkowe","",,,,,,"","Open","Naramowicka 152a","2026-03-04 15:53:21.039586",,,,,,,,,"https://google.com/maps?cid=5050865965191306283","https://ibiurorachunkowe.net","biuro@ibiurorachunkowe.net",,,,,,,,,,,,"61-619"
,,,,"Gender-neutral restroom",,,,,,,,,,,"Niemeńska 8a, 60-412 Poznań, Poland","Accountant","Accounting firm","Consumer advice center","Financial planner","Tax consultant","Tax preparation","Virtual office rental",,,"12511359070583913187","Poznań","PL","us","United States","6","0x470445ccb70b2c83:0xada146c96383fae3","Yes","en","English","52.428723","","16.8544269","Biura Rachunkowe: Kryzysowa księgowa i wspólnicy, Malwowa, Księgowa z polecenia, Netto czy Brutto, Esperto-JG","Jeżyce, Poznań","26","61 868 70 43","+48 61 868 70 43","https://lh3.googleusercontent.com/gps-cs-s/AHVAweoNSGHxgR-eP-3h7uqTlXmrpbv1VSaOv-3utM7c8zFTNm5EVGXt6D9Wh93Fwts7yp7AAH82FVD8zv_awRZs1QLLSssZWT01A6H8BZ2QL--0FQAUcfyDXRWgKJ1_PclnEC8j4nxh=w1200-h800-k-no","17","YEeoacLMGOurw8cP-97NcQ","","","/g/11rq215tj6","4.7","13","Poznan, Polska","biuro rachunkowe","",,,,,,"","Open","Niemeńska 8a","2026-03-04 15:53:21.039602",,,,,,,,,"https://google.com/maps?cid=12511359070583913187","https://kryzysowa-ksiegowa.pl",,,,,,,,,,,,,"60-412"
"Wheelchair accessible entrance","Wheelchair accessible parking lot",,,,,,,,,,,,,,"Wenecjańska 7/1, 61-101 Poznań, Poland","Accountant","Bookkeeping service","Certified public accountant","Tax preparation service",,,,,,"3380768443300021004","Poznań","PL","us","United States","7","0x47045b4ad5392341:0x2eeae6fcb2bf830c","Yes","en","English","52.4092013","","16.941486299999998","Kancelaria Rachunkowa Denarius Sp. z o.o.","Stare Miasto","27","797 590 205","+48 797 590 205","https://lh3.googleusercontent.com/gps-cs-s/AHVAwepfOrUd25h5clSS_qDcIm4qWZ-xAZTCXi1WEHH33HUQoWvkA7lef9AtLBZLL_Xi_umCK6P3atgRelU_P_Kx9eOHT-AMRk9LA9JTC6OxCMOODO3FDeAMkfALyauIyuTgwi8qFrpb=w3024-h4032-k-no","5","YEeoacLMGOurw8cP-97NcQ","","","/g/1pp2txvw3","4.9","33","Poznan, Polska","biuro rachunkowe","",,,,,,"","Open","Wenecjańska 7/1","2026-03-04 15:53:21.039615",,,,,,,,,"https://google.com/maps?cid=3380768443300021004","https://denarius.com.pl",,,,,,,,,,,,,"61-101"
,,,,,,,,,,,,,,,"Przelot 76, 60-408 Poznań, Poland","Accountant","Accounting firm","Payroll service","Tax consultant",,,,,,"13602743944121307445","Poznań","PL","us","United States","8","0x4704448af91d0c2b:0xbcc6a78bf7f25135","Yes","en","English","52.4221844","","16.8558678","Biuro Rachunkowe Poznań Jóźwicki & Partners","Jeżyce, Poznań","28","61 845 37 80","+48 61 845 37 80","https://lh3.googleusercontent.com/gps-cs-s/AHVAwereuCqCUHR1o6nnQdQdwjXQ2ktwroP4KI7RgsD6JD-qLR7RTLyPlLz5k6iUv3Fx4j6ovZKLff3ZwwOtwGLxezGMn2DoEBkGuzVK7jXWNu-D_cLF9jKlUWHyzrndWxp296bKwG17NQ=w1896-h3191-k-no","20","YEeoacLMGOurw8cP-97NcQ","","","/g/11gg6bzs7q","4.8","36","Poznan, Polska","biuro rachunkowe","",,,,,,"","Open","Przelot 76","2026-03-04 15:53:21.039628",,,,,,,,,"https://google.com/maps?cid=13602743944121307445","https://mjn-jozwicki.pl",,,,,,,,,,,,,"60-408"
,,,,,,,,,,,,,,,"Heleny Szafran 1, 60-693 Poznań, Poland","Accounting firm",,,,,,,,,"18098966892402949576","Poznań","PL","us","United States","9","0x4704434f74c6ab01:0xfb2c727f073bbdc8","No","en","English","52.451334599999996","","16.9033591","Zmarz Jolanta. Biuro rachunkowe","Jeżyce, Poznań","29","604 727 527","+48 604 727 527","https://streetviewpixels-pa.googleapis.com/v1/thumbnail?panoid=nwJNb6N89le5jgT3V0pYXQ&cb_client=search.gws-prod.gps&w=80&h=92&yaw=314.96567&pitch=0&thumbfov=100","1","YEeoacLMGOurw8cP-97NcQ","","","/g/1thzmlqs","4.9","12","Poznan, Polska","biuro rachunkowe","",,,,,,"","Open","Heleny Szafran 1","2026-03-04 15:53:21.039641",,,,,,,,,"https://google.com/maps?cid=18098966892402949576","https://zmarz.poznan.pl",,,,,,,,,,,,,"60-693"
"Wheelchair accessible seating",,,,"Gender-neutral restroom",,,,,,,,,,,"Kamiennogórska 7/lok.U3, 60-179 parter, Poland","Accounting firm",,,,,,,,,"10830056555424813151","parter","PL","us","United States","10","0x416539995f297eed:0x964c170e9b7c905f","Yes","en","English","52.391738499999995","","16.8447419","AM Kancelaria Rachunkowa Sp. z o.o.","Grunwald","30","509 060 008","+48 509 060 008","https://lh3.googleusercontent.com/gps-cs-s/AHVAweoZWvvhaTET5OYFyUuS-dkqGTgt6LuCT6HnOdkePDD7gzW3ky4HwxCMdDkUPJ5NGvDcomD2VzbXltJqYN_wKkeWfWW4Og1J-_SVbj4RyLCH-duwTDBQizfDm8WPN2zZ2mzOUa5z=w3024-h4032-k-no","33","YEeoacLMGOurw8cP-97NcQ","","","/g/11b6s31clh","5","54","Poznan, Polska","biuro rachunkowe","","https://www.facebook.com/people/am-kancelaria-rachunkowa/100029157386556/","https://www.instagram.com/am_kancelaria/?hl=am-et",,,,"","Open","Kamiennogórska 7/lok.U3","2026-03-04 15:53:21.039670","wikom@wikombiuro.pl","joanna.lebiedzinska@wp.pl",,,,,,,"https://google.com/maps?cid=10830056555424813151","https://uslugiksiegowepoznan.pl","a.ewertowska@amkancelaria.info.pl","a.lesniewska@amkancelaria.info.pl","a.pacek@amkancelaria.info.pl","ambiuro@amkancelaria.info.pl","biuro@ubezpieczenia-complex.pl","d.marciniak@amkancelaria.info.pl","e.chojnacka@amkancelaria.info.pl","e.sawikowska@amkancelaria.info.pl","j.cieplicka@amkancelaria.info.pl","l.komorowska@amkancelaria.info.pl","p.ziolkowska@amkancelaria.info.pl","sekretariat@amkancelaria.info.pl","60-179"
,,,,,,,,,,,,,,,"Grodziska 37, 60-363 Poznań, Poland","Accounting firm","Bookkeeping service","Business management consultant","Business to business service","Tax consultant",,,,,"16816275155863512957","Poznań","PL","us","United States","11","0x470444c3e5423cdd:0xe95f69286678a77d","Yes","en","English","52.409184499999995","","16.8842012","AWM Zarządzanie Rachunkowością Spółka z o.o.","Grunwald","31","61 662 44 87","+48 61 662 44 87","https://lh3.googleusercontent.com/gps-cs-s/AHVAwerxaM7Jo1cVTVNafWXJatT0tIJOngRshmUuP-2yIOLYc6eT-GG19w3v1xi9vrVrDa-dTh-5LEi-MkQENrvxToG-Yp98QdaijP0Z4I0BPC6r-CkXD3UkpQigldUe8Kww9wRmq38=w1078-h364-k-no","3","YEeoacLMGOurw8cP-97NcQ","","","/g/1pv1d3c77","5","12","Poznan, Polska","biuro rachunkowe","",,,,,,"","Open","Grodziska 37","2026-03-04 15:53:21.039702",,,,,,,,,"https://google.com/maps?cid=16816275155863512957","https://awmzr.pl",,,,,,,,,,,,,"60-363"
"Wheelchair accessible restroom","Wheelchair accessible seating","Wheelchair accessible entrance","Wheelchair accessible parking lot","Gender-neutral restroom",,,"Identifies as women-owned","Free parking lot","On-site parking","Free street parking","Appointment required","Appointments recommended","Onsite services","Online appointments","Rubież 46, C4/87, 61-612 Poznań, Poland","Bookkeeping service",,,,,,,,,"9320612674179228551","Poznań","PL","us","United States","12","0x47045cc5f007cf2f:0x815977d82d74e387","Yes","en","English","52.454964999999994","","16.956208999999998","ASCS-Consulting Biuro Rachunkowe","Stare Miasto","32","61 102 04 00","+48 61 102 04 00","https://lh3.googleusercontent.com/gps-cs-s/AHVAweozc5MGDMhfHyErZzszAzgklk6_tGtluwvK-jl9o3REylLxWTbsUXWlyWPyzbxhBHq-kzrNpSDcU45xQzvZ9OmU0uLl_gLAhBTc4nAvtb8vDrZibAOouU8qG4ZYtS3sXbf7wrpJ=w1242-h699-k-no","29","YEeoacLMGOurw8cP-97NcQ","","","/g/11dxbcbd4h","5","48","Poznan, Polska","biuro rachunkowe","",,,,,,"","Open","Rubież 46, C4/87","2026-03-04 15:53:21.039722","amitai@asc-il.co.il","info@eqsystem.pl",,,,,,,"https://google.com/maps?cid=9320612674179228551","https://ascs-consulting.pl","biuro@ascs-consulting.pl",,,,,,,,,,,,"61-612"
"Wheelchair accessible seating",,,,,,,,,,,,,,,"Bosa 12a/5, 60-125 Poznań, Poland","Accountant","Accounting firm",,,,,,,,"3051899717962065212","Poznań","PL","us","United States","13","0x4704452e7e1ed3bd:0x2a5a869fb33e653c","Yes","en","English","52.3834489","","16.8888198","OPTIMUM - Accounting Office Poznan","Grunwald","33","692 247 448","+48 692 247 448","https://lh3.googleusercontent.com/gps-cs-s/AHVAweo5vwlad7y7VydVbaifZuqyFVK4a7JJHjIz0NlMrA8ThPZJU8qwR6pcO9P2NvOq2pWhZqJxGGk0n7Q_eqS6dJ5AFHnN7G2VsZkM-m2hKLbzr8B9NPWX68ly4tIdyaCoW-7gkYI=w1542-h776-k-no","12","YEeoacLMGOurw8cP-97NcQ","","","/g/1tdg6hdk","5","1","Poznan, Polska","biuro rachunkowe","",,,,,,"","Open","Bosa 12a/5","2026-03-04 15:53:21.039736",,,,,,,,,"https://google.com/maps?cid=3051899717962065212","https://optimumbiuro.com.pl",,,,,,,,,,,,,"60-125"
"Wheelchair accessible seating","Wheelchair accessible restroom",,,"Restroom",,,,,,,,,,,"Półwiejska 17/23, 61-885 Poznań, Poland","Tax preparation",,,,,,,,,"13518479638853511638","Poznań","PL","us","United States","14","0x47045b58cc85db65:0xbb9b499b8936e9d6","Yes","en","English","52.4032725","","16.9301332","Kancelaria Podatkowa Andrzej Nowak Sp. z o.o.","Stare Miasto","34","690 105 827","+48 690 105 827","https://lh3.googleusercontent.com/gps-cs-s/AHVAweoxhDF1VGxW7qCvOX3A4GGj4RDIf2bkfwzy4auvKpVx6Q6Oc0XmK_FQNCJehhHhEVYIq-Rn9bUi9-HShCtk9lQWJCPw7dg2V5J6l3Lm-dJBB4aYjCWHQirYcPGlZNAbMZqPwVUkHA=w2048-h1536-k-no","12","YEeoacLMGOurw8cP-97NcQ","","","/g/11mw8kn1t9","4.8","77","Poznan, Polska","biuro rachunkowe","",,,,,,"","Open","Półwiejska 17/23","2026-03-04 15:53:21.039756",,,,,,,,,"https://google.com/maps?cid=13518479638853511638","https://anowak.com.pl",,,,,,,,,,,,,"61-885"
"Wheelchair accessible seating",,,,"Gender-neutral restroom","Transgender safespace","LGBTQ+ friendly","Identifies as women-owned","Paid street parking",,,,,"Onsite services",,"Przemysłowa 46A/6U, 61-541 Poznań, Poland","Accountant","Accounting firm","Bookkeeping service","Business to business service","Payroll service",,,,,"15581496695228065283","Poznań","PL","us","United States","15","0x47045b2665b149db:0xd83c98b0a3fde603","Yes","en","English","52.395914499999996","","16.9183383","Biuro Rachunkowe EKONOMIK","Wilda, Poznań","35","602 330 036","+48 602 330 036","https://lh3.googleusercontent.com/gps-cs-s/AHVAwepZA4FH3Vl-kSGG2_TUbrozvW3Dpm2W8sXocQK9i3owcWAQ9w7bcXTD5VOpCQhaxNuQO2D3CGoLwUun1nhvenrsr-qoWqRaCovxCfy41nMI_17u9174bfO1xOCYlY3Tn_JQD3xlZaBOtOA=w1600-h1200-k-no","4","YEeoacLMGOurw8cP-97NcQ","","","/g/1tdz3j7h","4.9","37","Poznan, Polska","biuro rachunkowe","","https://www.facebook.com/people/ekonomik-biuro-rachunkowe/61578006587125/#","https://www.instagram.com/ekonomikbiurorachunkowe/",,,"https://www.youtube.com/channel/ucqdi4dm-zwterxe0ofifb2q","","Open","Przemysłowa 46A/6U","2026-03-04 15:53:21.039777","katarzyna.suminska@macmillan.pl","sekretariat@wsei.lublin.pl",,,,,,,"https://google.com/maps?cid=15581496695228065283","https://ekonomiksc.pl","biuro@ekonomiksc.pl",,,,,,,,,,,,"61-541"
,,,,,,,,,,,,,,,"Powstańców Wielkopolskich 16/921, 61-895 Poznań, Poland","Accountant","Accounting firm","Bookkeeping service",,,,,,,"1853575879745537646","Poznań","PL","us","United States","16","0x47045b46d4980d9d:0x19b939712477066e","Yes","en","English","52.4046494","","16.9215935","Biuro Rachunkowe Merito Poznań","Stare Miasto","36","735 158 813","+48 735 158 813","https://lh3.googleusercontent.com/gps-cs-s/AHVAweohnhKoiUIskTRVDSvL6loNsce6WaD12W43dHHmGoPhzrHDYxBz_T4tTgozbgpIuCIUoplspMAqxcyjcZlD1Sa8a_rzlIHj3cYx7Poe0bPBfjPA1nHWojGFbv717-76Ns34llEgRA=w640-h360-k-no","2","YEeoacLMGOurw8cP-97NcQ","","","/g/11stqs80vj","4.6","10","Poznan, Polska","biuro rachunkowe","",,,,,,"","Open","Powstańców Wielkopolskich 16/921","2026-03-04 15:53:21.039790",,,,,,,,,"https://google.com/maps?cid=1853575879745537646","https://biuromerito.pl",,,,,,,,,,,,,"61-895"
,,,,,,,,"Free parking lot",,,"Appointment required",,"Onsite services","Online appointments","Pamiątkowa 2/35, 61-512 Poznań, Poland","Accountant","Financial consultant","Social security office",,,,,,,"18237214621578844101","Poznań","PL","us","United States","17","0x47045b25afd7d1dd:0xfd179a12cbc457c5","Yes","en","English","52.3870054","","16.9131459","Spectrum Biuro Rachunkowe","Wilda, Poznań","37","519 642 268","+48 519 642 268","https://lh3.googleusercontent.com/gps-cs-s/AHVAweq6lOKFQG9ZqYW_hzbJi7hX3QQTD3-IX3XGbum1IOm7kzjdB-F4Z4llamp7G_fOsP32aOIiDnDIxdTWO3YQ1Fl1s1_oyCq-Mpn1Saaf8w8JOARky-mJJz-UVnJXhXCd3GdkxDEQ=w3024-h4032-k-no","6","YEeoacLMGOurw8cP-97NcQ","","","/g/1tcvsk99","4.7","24","Poznan, Polska","biuro rachunkowe","",,,,,,"","Open","Pamiątkowa 2/35","2026-03-04 15:53:21.039805",,,,,,,,,"https://google.com/maps?cid=18237214621578844101","https://biuro-spectrum.pl",,,,,,,,,,,,,"61-512"
,,,,,"Transgender safespace","LGBTQ+ friendly","Identifies as women-owned",,,,"Appointment required",,"Onsite services","Online appointments","Wodna 15/11, 61-782 Poznań, Poland","Bookkeeping service","Accounting firm",,,,,,,,"5332473471663867816","Poznań","PL","us","United States","18","0x470445326d487945:0x4a00c05eacb807a8","Yes","en","English","52.4071011","","16.9374729","Kancelaria Usług Księgowych Tyniec & Partnerzy","Stare Miasto","38","883 753 345","+48 883 753 345","https://lh3.googleusercontent.com/gps-cs-s/AHVAwepiOJy_e27PsK20YeLGfQbr-9etHrVqzOaWeyF8wsKKN-Ts_lLkrDLTo9Y6s2MW-X7UURAB4dd4YOK3Nl5RGx6cARwOeSN8b2LYsBTUz0KX59hWNLjFeTPTtkpg3RkbJ_7-YyHEvw=w1536-h1030-k-no","16","YEeoacLMGOurw8cP-97NcQ","","","/g/11j8tj6vcl","5","88","Poznan, Polska","biuro rachunkowe","",,,,,,"","Open","Wodna 15/11","2026-03-04 15:53:21.039819",,,,,,,,,"https://google.com/maps?cid=5332473471663867816","https://kancelariatyniec.pl",,,,,,,,,,,,,"61-782"
,,,,,,,,,,,,,,,"Głogowska 277, 60-104 Poznań, Poland","Bookkeeping service","Accountant","Tax preparation","Training center",,,,,,"2858768326256688791","Poznań","PL","us","United States","19","0x4704454780c7a2d7:0x27ac62a575aafe97","Yes","en","English","52.3730741","","16.8672793","Biuro Rachunkowe Poznań DRD 📖","Grunwald","39","61 830 92 70","+48 61 830 92 70","https://lh3.googleusercontent.com/gps-cs-s/AHVAweo-5fnzIf2geeC-jqEuMFQB0c2EpdaAzwhHYPyOLeM-zSJT6wIqk7R0KhWCbturiVCi94TnTvZF1dAy3IhjzkGcNmdBwIqBcWej-KQpmvc4QLx4JPHMb18YhzMtLLNhBGID9YpyBnHeSa-U=w815-h858-k-no","14","YEeoacLMGOurw8cP-97NcQ","","","/g/1tcxsyst","5","7","Poznan, Polska","biuro rachunkowe","",,,,,,"","Open","Głogowska 277","2026-03-04 15:53:21.039833","info@drdpartnership.com","sekretariat@antydopinglab.pl","dorota.kwiatkowska@antydopinglab.pl","mpd@dc.gov","amir.ahkami@pnnl.gov",,,,"https://google.com/maps?cid=2858768326256688791","https://drd.pl","biuro@drd.pl",,,,,,,,,,,,"60-104"
,,,,,,,,,,,,,,,"Grunwaldzka 149, 60-313 Poznań, Poland","Bookkeeping service","Accountant","Accounting firm","Tax consultant","Tax preparation",,,,,"17893026842482319202","Poznań","PL","us","United States","20","0x47045b354eb2bf0f:0xf850cd1ca6b01f62","Yes","en","English","52.396041399999994","","16.8633563","Biuro Rachunkowe Stefańska Anna","Grunwald","40","61 834 30 50","+48 61 834 30 50","https://lh3.googleusercontent.com/gps-cs-s/AHVAwep-PPBr6O-wCWWEB6qKPfL4w8Kh2v_xfcJFdthr2hTa6OldB6aRHocdWdJHUSlzt6i85sLXs-4L6RzJuogAMEaygIrXvu3bGBZqri8St6cJZG37DqqTD8TtLVgprpO0xfhWilkUQA=w2121-h1414-k-no","29","YEeoacLMGOurw8cP-97NcQ","","","/g/1td6lc1s","4.6","9","Poznan, Polska","biuro rachunkowe","",,,,,,"","Open","Grunwaldzka 149","2026-03-04 15:53:21.039852","annast@op.pl","biuro@biurorachunkowe-ms.pl","kontakt@biurosir.pl",,,,,,"https://google.com/maps?cid=17893026842482319202","https://biurorachunkowe-stefanska.pl","anna.stefanska.biuro@gmail.com",,,,,,,,,,,,"60-313"
"Wheelchair accessible entrance",,,,,"LGBTQ+ friendly",,,,,,,,"Onsite services",,"Potockiej 25, 60-211 Poznań, Poland","Accountant","Accounting firm","Bookkeeping service","Certified public accountant","Virtual office rental",,,,,"2720988474387891732","Poznań","PL","us","United States","21","0x47044574864651ef:0x25c2e499ddd28614","Yes","en","English","52.391156699999996","","16.8969976","FakturTax biuro rachunkowe Poznań","Grunwald","0","501 264 565","+48 501 264 565","https://lh3.googleusercontent.com/gps-cs-s/AHVAweoVM-TPnBSwNi0nlCKZsdPuRJZuSITwo7CbXpilxql06HAm3_v1Z5kcAn-PNrKevpjxvLG9l6HTKtbtDK-jNjWD5qUcyjkN3lqppczhWVKJYUB95EVWQXuO1OFfSNoZ4M_yb7sN9GGXGai8=w2048-h2048-k-no","74","YEeoaaHGGM2hptQP2Yvr8Ak","","","/g/11h0333ljw","4.9","216","Poznan, Polska","biuro rachunkowe","",,,,,,"","Open","Potockiej 25","2026-03-04 15:53:21.049824","filip@fakturtax.pl","anisanurmaulidya1@gmail.com",,,,,,,"https://google.com/maps?cid=2720988474387891732","https://fakturtax.pl","kontakt@fakturtax.pl",,,,,,,,,,,,"60-211"
"Wheelchair accessible restroom","Wheelchair accessible seating","Wheelchair accessible entrance","Wheelchair accessible parking lot","Gender-neutral restroom","Transgender safespace","LGBTQ+ friendly",,"Paid street parking","Paid parking lot",,,,"Onsite services",,"Strzelecka 29A/lok.39, II Piętro, 61-846 Poznań, Poland","Accountant","Accounting firm","Bookkeeping service",,,,,,,"8008769734804174271","Poznań","PL","us","United States","22","0x47045be7b344defb:0x6f24dda43ae6f5bf","Yes","en","English","52.402579499999995","","16.934635999999998","Certyfikowane Biuro Rachunkowe RZIS.pl","Stare Miasto","1","667 009 907","+48 667 009 907","https://lh3.googleusercontent.com/gps-cs-s/AHVAweqxI42jQEC1PNo5h-fNrjnGzOtmcKdgvC7Mna7uIljl6yugn02yRsSqPczhnwhcC9FjiZRr7uZywAQO1-Jir2rnuAo6ZO4fEiW8-MVGpy8Ral3KvswewVXn3n2NawmxRHJ7Gvx0=w4608-h3456-k-no","8","YEeoaaHGGM2hptQP2Yvr8Ak","","","/g/11y46ngtpc","4.9","159","Poznan, Polska","biuro rachunkowe","","https://www.facebook.com/rzispl",,,,,"","Open","Strzelecka 29A/lok.39, II Piętro","2026-03-04 15:53:21.049900","iod@m3mcom.pl","kontakt@funduszfilar.pl","dburke@libertyvillageny.org","biuro@strategodk.pl","info@infakt.pl",,,,"https://google.com/maps?cid=8008769734804174271","https://rzis.pl","kontakt@rzis.pl",,,,,,,,,,,,"61-846"
"Wheelchair accessible entrance","Wheelchair accessible parking lot",,,,"Transgender safespace","LGBTQ+ friendly","Identifies as women-owned","Free parking lot","Free street parking",,"Appointment required","Appointments recommended","Onsite services","Online appointments","Grunwaldzka 112, 60-308 Poznań, Poland","Accountant","Accounting firm","Bookkeeping service","Certified public accountant","Tax consultant","Tax preparation",,,,"6574154923815419146","Poznań","PL","us","United States","23","0x4704451fd29678fd:0x5b3c171264673d0a","Yes","en","English","52.395748","","16.8647554","Biuro Rachunkowe Poznań ""KZ""","Grunwald","2","61 291 71 98","+48 61 291 71 98","https://lh3.googleusercontent.com/gps-cs-s/AHVAwep2n3Ly8O7SAwuKfC3ECTc_hFGdG6sTYqisITUqDh309dh1kCKlKS0K6a03kBLurzV-tstLHMVXFtq_YMzs7PT555-PT_rovJ8fw98GBVjpXjiCkcXKoDfKsKN_2BOZPSaenMJTFmyzeygt=w1224-h836-k-no","444","YEeoaaHGGM2hptQP2Yvr8Ak","","","/g/1td3k8z3","5","107","Poznan, Polska","biuro rachunkowe","",,,,,,"","Open","Grunwaldzka 112","2026-03-04 15:53:21.049925",,,,,,,,,"https://google.com/maps?cid=6574154923815419146","https://brkz.pl",,,,,,,,,,,,,"60-308"
"Wheelchair accessible entrance","Wheelchair accessible parking lot",,,,,,,,,,,,,,"Święty Marcin 29/8, 61-806 Poznań, Poland","Accountant","Accounting firm","Auditor","Bookkeeping service","Business to business service","Income tax help association","Tax consultant","Tax preparation","Tax preparation service","6368642601112662508","Poznań","PL","us","United States","24","0x470445ec0c3a579d:0x5861f6b404bd71ec","Yes","en","English","52.4060808","","16.9259241","Biuro rachunkowe ATP","Stare Miasto","3","604 087 850","+48 604 087 850","https://lh3.googleusercontent.com/gps-cs-s/AHVAweoZ5phBll3e0pSexBFVjmMnVsmiV5ykpCqqlO-j6nzra0yigwm11N9q2ti7kwOddf4pqSIpe47xGdA4KBhLJ8yKZ_-NDeWvybaWkYsDLAq_725ab-UjRfkepWERyfQobQO_7G3GSA=w1200-h628-k-no","18","YEeoaaHGGM2hptQP2Yvr8Ak","","","/g/11jfrmd0ft","4.9","54","Poznan, Polska","biuro rachunkowe","",,,,,,"","Open","Święty Marcin 29/8","2026-03-04 15:53:21.049942",,,,,,,,,"https://google.com/maps?cid=6368642601112662508","https://atpksiegowosc.pl",,,,,,,,,,,,,"61-806"
"Wheelchair accessible entrance","Wheelchair accessible parking lot",,,,,,"Identifies as women-owned",,,,,,,,"Promienista 62/4, 60-289 Poznań, Poland","Accountant","Accounting firm","Bookkeeping service","Tax preparation","Tax preparation service",,,,,"1740941729263870881","Poznań","PL","us","United States","25","0x470445dacd83c5c5:0x18291147636d63a1","Yes","en","English","52.393338299999996","","16.878939199999998","Biuro Rachunkowe Value Business - Księgowość","Grunwald","4","784 920 193","+48 784 920 193","https://lh3.googleusercontent.com/gps-cs-s/AHVAwer7nA4OqNz_cULsH7bcMWeJPCs9MqFEk-smAcMWIxho7sOaf77rAoOkgGPQ6wbQFsgG0NDuVyQ8HtoW3NCjqiP6Ftu_2wT80lrO9EgCm5iWwg0LoAJjQOcJVDO6eKVaLPqFHo24=w3260-h2777-k-no","17","YEeoaaHGGM2hptQP2Yvr8Ak","","","/g/11gxwr2152","4.9","67","Poznan, Polska","biuro rachunkowe","","https://www.facebook.com/sharer.php?u=https%3a%2f%2fwww.valuebusiness.pl%2fco-zyskujesz%2f",,,"https://twitter.com/intent/tweet?text=co%20zyskujesz%20?&#038;url=https%3a%2f%2fwww.valuebusiness.pl%2fco-zyskujesz%2f",,"","Open","Promienista 62/4","2026-03-04 15:53:21.049958","vendorregistration@heathtx.com","accountspayable@heathtx.com","security@ovic.vic.gov.au","info@hyattsville.org",,,,,"https://google.com/maps?cid=1740941729263870881","https://valuebusiness.pl","biuro@valuebusiness.pl",,,,,,,,,,,,"60-289"
"Wheelchair accessible seating","Wheelchair accessible entrance","Wheelchair accessible restroom",,"Gender-neutral restroom","Transgender safespace","LGBTQ+ friendly","Identifies as women-owned","Paid parking lot",,,,,"Onsite services",,"Centrum Biurowe, Winogrady, Gronowa 22/117, 61-655 Poznań, Poland","Accountant","Accounting firm","Bookkeeping service","Income tax help association","Tax preparation","Tax preparation service",,,,"4340081207709606124","Poznań","PL","us","United States","26","0x470444aad5999ae7:0x3c3b10dd19e120ec","Yes","en","English","52.430121199999995","","16.9345206","Business Profit Biuro Rachunkowe","Stare Miasto","5","663 944 465","+48 663 944 465","https://lh3.googleusercontent.com/gps-cs-s/AHVAweq16JLbmfINF5zG4UZ4POwARX5TCaR4wQoJRhv2ggkugcNa_sULj818d5yCLsTEokinp-blZiWpyQ4nGMR3I2No8D-vee-NM7_2-FNpiFYqPaf5g5lX9w_s-OQwT3-OPBGBO8s=w960-h796-k-no","8","YEeoaaHGGM2hptQP2Yvr8Ak","","","/g/11b6jk3hgt","5","43","Poznan, Polska","biuro rachunkowe","","https://www.facebook.com/biuro.profit.poznan/",,,,,"","Open","Centrum Biurowe, Winogrady, Gronowa 22/117","2026-03-04 15:53:21.050007","admin@eacd.org","honorata@amu.edu.pldominika","wojciech.rosikiewicz@stjude.org",,,,,,"https://google.com/maps?cid=4340081207709606124","https://profit-poznan.pl","biuro@profit-poznan.pl",,,,,,,,,,,,"61-655"
,,,,,,,,,,,,,,,"Szkolna 5/18, 61-832 Poznań, Poland","Accounting firm",,,,,,,,,"16647423895022108182","Poznań","PL","us","United States","27","0x47045bf96cae545f:0xe70787d4a8247e16","Yes","en","English","52.4069374","","16.9322431","Biuro Rachunkowe TAXO","Stare Miasto","6","61 307 01 77","+48 61 307 01 77","https://lh3.googleusercontent.com/gps-cs-s/AHVAwepp5BUM8kQEd8skhTbOZtvRZSMVOJzaGxMgMHdw236lxJArVGmSsUV32hlDrzndK3blokoQ_i-db2Hj0ah3ShFsHwY35CgkWHfkAfG0PCUoZPPV3KfY_uIESwcqsykboBEky8qycYP0i2sA=w1155-h732-k-no","8","YEeoaaHGGM2hptQP2Yvr8Ak","","","/g/11f5q8yr6r","4.8","125","Poznan, Polska","biuro rachunkowe","","https://www.facebook.com/taxoacc",,"https://www.linkedin.com/company/taxoacc/",,,"","Open","Szkolna 5/18","2026-03-04 15:53:21.050030","biuro@taxeo.pl",,,,,,,,"https://google.com/maps?cid=16647423895022108182","https://taxo-acc.pl","kontakt@taxo-acc.pl",,,,,,,,,,,,"61-832"
"Wheelchair accessible seating","Wheelchair accessible restroom",,,"Gender-neutral restroom","Transgender safespace","LGBTQ+ friendly","Identifies as women-owned",,,,,,,,"Jana Henryka Dąbrowskiego 553, 60-451 Poznań, Poland","Accountant","Accounting firm","Auditor","Bookkeeping service","Tax consultant","Tax preparation",,,,"3624049052990834205","Poznań","PL","us","United States","28","0x470444e96dac4b5f:0x324b3569a41c061d","Yes","en","English","52.4339314","","16.79967","Biuro Rachunkowe Poznań 👑 Noblesse","Jeżyce, Poznań","7","61 842 68 40","+48 61 842 68 40","https://lh3.googleusercontent.com/gps-cs-s/AHVAwerNsshYLrGfs9CMxVdzYR15dgeKa3lVcopNDg15GZxFOrpjg7OGvC9laBb62wbMjG2ytAAP_rJw_8Sei-1lACrMhFcwzxcEN-xcyEfYZBnsyLtbUy3CFf_jbntXK2pSUY2icw=w6720-h4480-k-no","40","YEeoaaHGGM2hptQP2Yvr8Ak","","","/g/1td0f5_1","4.9","60","Poznan, Polska","biuro rachunkowe","",,,,,,"","Open","Jana Henryka Dąbrowskiego 553","2026-03-04 15:53:21.050056",,,,,,,,,"https://google.com/maps?cid=3624049052990834205","https://noblesse.com.pl",,,,,,,,,,,,,"60-451"
"Wheelchair accessible parking lot",,,,,,,,,,,,,"Onsite services","Online appointments","Mławska 11, 60-461 Poznań, Poland","Bookkeeping service","Accountant","Tax preparation",,,,,,,"191621486762362956","Poznań","PL","us","United States","29","0x4704439394a8946b:0x2a8c6ba19cd884c","Yes","en","English","52.4582329","","16.8481892","Biuro Rachunkowe - Podatkowe Zacisze","Jeżyce, Poznań","8","500 276 004","+48 500 276 004","https://lh3.googleusercontent.com/gps-cs-s/AHVAwerQhTsk4a3oh8VlA5Q3NGVgjKjfFuCma1OrNuvXGP652v7MeAfEbSeEZoZ1oc5jmOu3srMPfbShpwVrLdujbX7Ss5q27vDYImzbIetklF56BRem0cCXp5RXA1-Z7eqj8UBuZ_I=w500-h500-k-no","2","YEeoaaHGGM2hptQP2Yvr8Ak","","","/g/1trts__h","5","41","Poznan, Polska","biuro rachunkowe","",,,,,,"","Open","Mławska 11","2026-03-04 15:53:21.050071","marek.karasiewicz@kttax.pl","office@taxservices.pl","kancelaria@mf.gov.pl",,,,,,"https://google.com/maps?cid=191621486762362956","https://podatkowezacisze.pl","biuro@podatkowezacisze.pl",,,,,,,,,,,,"60-461"
"Wheelchair accessible seating","Wheelchair accessible restroom",,,"Gender-neutral restroom","Transgender safespace","LGBTQ+ friendly",,,,,,,,,"Strzelecka 29A, 61-846 Poznań, Poland","Accounting firm",,,,,,,,,"14346577789574688851","Poznań","PL","us","United States","30","0x47045bad8fb93769:0xc719487cfa1bb053","Yes","en","English","52.402579499999995","","16.934635999999998","Biuro Rachunkowe BRKM","Stare Miasto","9","604 179 541","+48 604 179 541","https://streetviewpixels-pa.googleapis.com/v1/thumbnail?panoid=QNB2njeVVvisd8qwPu_h0g&cb_client=search.gws-prod.gps&w=80&h=92&yaw=352.2942&pitch=0&thumbfov=100","1","YEeoaaHGGM2hptQP2Yvr8Ak","","","/g/11v003dhct","4.9","58","Poznan, Polska","biuro rachunkowe","",,,,,,"","Open","Strzelecka 29A","2026-03-04 15:53:21.050086",,,,,,,,,"https://google.com/maps?cid=14346577789574688851","https://brkm.com.pl",,,,,,,,,,,,,"61-846"
"Wheelchair accessible seating",,,,"Gender-neutral restroom","Transgender safespace","LGBTQ+ friendly",,,,,,,"Onsite services","Online appointments","Piekary 19/lok. 201, 61-823 Poznań, Poland","Tax preparation service",,,,,,,,,"6301119467730893576","Poznań","PL","us","United States","31","0x47045b8a6263545b:0x577212c56965fb08","Yes","en","English","52.405134999999994","","16.9271522","Taxeo Accounting Office Poznań - Accounting Poznań","Stare Miasto","10","22 382 58 00","+48 22 382 58 00","https://lh3.googleusercontent.com/gps-cs-s/AHVAweoC6jQpwiJXdD_uBnjWoVvaycravI0ZoBrg5YxUL_2-v2lX0QHMtTl2lVUVIuPDCSpkx0lKWp-tnATD594nv8193zqtDg9nsCCtG940VLM48c15ZsqiZm-2LWrJEg_sxL-nNXWH=w663-h510-k-no","17","YEeoaaHGGM2hptQP2Yvr8Ak","","","/g/11vsd1x5nb","5","22","Poznan, Polska","biuro rachunkowe","",,,,,,"","Open","Piekary 19/lok. 201","2026-03-04 15:53:21.050102",,,,,,,,,"https://google.com/maps?cid=6301119467730893576","https://gdansk.taxeo.pl",,,,,,,,,,,,,"61-823"
"Wheelchair accessible entrance","Wheelchair accessible restroom",,,"Gender-neutral restroom",,,"Identifies as women-owned",,,,,,"Onsite services",,"Bogusławskiego 30/5, 60-214 Poznań, Poland","Accountant","Accounting firm","Bookkeeping service","Chartered accountant","Tax preparation",,,,,"15065432835462475823","Poznań","PL","us","United States","32","0x470444d5f5a35a8f:0xd1132b58013f302f","Yes","en","English","52.392402999999995","","16.8928109","AK-PLUS Biuro Rachunkowe Anna Klupczyńska","Grunwald","11","601 781 634","+48 601 781 634","https://lh3.googleusercontent.com/gps-cs-s/AHVAwephqc3Os3yhy2fCnQPNF-cK8GzE_7c8b1lHN-0SoQh6WG4nyDP4fM8ySPSN6KsgECJsWmhdjr2y4cZ0Qp7_HIdq_l8iAx1UlwQ2JrTz15Wu8cUWP6wSGDu4PgxtOGLQ_eOqTDQ=w1100-h618-k-no","10","YEeoaaHGGM2hptQP2Yvr8Ak","","","/g/11hzm2lg1h","4.1","10","Poznan, Polska","biuro rachunkowe","",,,,,,"","Open","Bogusławskiego 30/5","2026-03-04 15:53:21.050118",,,,,,,,,"https://google.com/maps?cid=15065432835462475823","https://biurorachunkowe-poznan.eu",,,,,,,,,,,,,"60-214"
"Wheelchair accessible entrance",,,,,,,,,,,,,,,"Dziewińska 74, 60-178 Poznań, Poland","Accountant",,,,,,,,,"10790724569612056047","Poznań","PL","us","United States","33","0x47044506df295f17:0x95c05ad308ce75ef","Yes","en","English","52.3935993","","16.838898099999998","Biuro Rachunkowe Dino","Grunwald","12","61 862 27 86","+48 61 862 27 86","https://lh3.googleusercontent.com/gps-cs-s/AHVAweqwZpKC7voOVP4hT-L8SZSJg3l8XPhReBD9BXNvDHYvLkdY5jvSQX6mdCq4rYEdlqJx9uB5m6cGxjyRYqrf0n74SzgZe4XbgNgBqtAl08zDRjZKOzpPVep4VCDe4ZDH_0wMWp8tvA=w3648-h2736-k-no","4","YEeoaaHGGM2hptQP2Yvr8Ak","","","/g/1xfsmfs6","4.7","12","Poznan, Polska","biuro rachunkowe","",,,,,,"","Open","Dziewińska 74","2026-03-04 15:53:21.050131","sekretariat@marketdino.pl","johnsmith@marketdino.pl","bok@marketdino.pl",,,,,,"https://google.com/maps?cid=10790724569612056047","https://dino.poznan.pl",,,,,,,,,,,,,"60-178"
"Wheelchair accessible entrance","Wheelchair accessible parking lot",,,,"Transgender safespace","LGBTQ+ friendly","Identifies as women-owned",,,,,,,,"Os. na Murawie 8N/lok. 1, 61-655 Poznań, Poland","Accountant","Accounting firm","Bookkeeping service","E commerce agency","Income tax help association","Tax consultant","Tax preparation","Tax preparation service",,"11061511486533646120","Poznań","PL","us","United States","34","0x47045b9b5917f2b5:0x9982621731bdb728","Yes","en","English","52.4281715","","16.935389999999998","Biuro Rachunkowe INFINITUM księgowość e-commerce","Stare Miasto","13","504 227 204","+48 504 227 204","https://lh3.googleusercontent.com/gps-cs-s/AHVAweqAuemEH0gofvOo-zRtGjvFX7tqdQb8B0meTp2nm5Capnt1Spe8Qe4uY440zWcYM_bt4JFXtB12LSx9Tad9SD9fy17Y6ZWC5SYW4DiIU_eYiwWC9KvDQRmAtszrm1bk5dXLR1IUrw=w3648-h2736-k-no","26","YEeoaaHGGM2hptQP2Yvr8Ak","","","/g/11fhr9tmm2","5","69","Poznan, Polska","biuro rachunkowe","",,,,,,"","Open","Os. na Murawie 8N/lok. 1","2026-03-04 15:53:21.050144",,,,,,,,,"https://google.com/maps?cid=11061511486533646120","https://infinitum-biurorachunkowe.pl",,,,,,,,,,,,,"61-655"
"Wheelchair accessible entrance",,,,,,,"Identifies as women-owned","Free street parking",,,,,,,"Skawińska 40, 61-333 Poznań, Poland","Accountant","Accounting firm","Bookkeeping service","Certified public accountant","Tax preparation service",,,,,"5130588311811740684","Poznań","PL","us","United States","35","0x47044546264850a1:0x473382e2f64f540c","Yes","en","English","52.3397213","","16.928699599999998","Biuro Rachunkowe Wera","Nowe Miasto","14","783 015 011","+48 783 015 011","https://lh3.googleusercontent.com/gps-cs-s/AHVAweonyFZz2BpwDy70Wk2_665bFzLrG8pyezpTkbumoYoC_2_BmRughoih1LNq_ISloEwgIxGkGjyQ9fh_RSVx9wFOaun_9zFaJX3pLxpg-izKWZAQ6yRMbdvRf_GP3bIJ5b3j_tzv=w512-h512-k-no","4","YEeoaaHGGM2hptQP2Yvr8Ak","","","/g/11y1s4wcb","4.8","21","Poznan, Polska","biuro rachunkowe","",,,,,,"","Open","Skawińska 40","2026-03-04 15:53:21.050159",,,,,,,,,"https://google.com/maps?cid=5130588311811740684","https://wera360.pl",,,,,,,,,,,,,"61-333"
"Wheelchair accessible entrance","Wheelchair accessible parking lot",,,,,,,,,,,,,,"os. Bolesława Chrobrego 39/112, 60-681 Poznań, Poland","Accountant",,,,,,,,,"12421868855685055476","Poznań","PL","us","United States","36","0x470443456e46043f:0xac6357e90d9883f4","Yes","en","English","52.445651999999995","","16.915072","Biuro Rachunkowe PIT","Stare Miasto","15","61 822 63 97","+48 61 822 63 97","https://lh3.googleusercontent.com/gps-cs-s/AHVAwepTXFd_H7zMAfhXghPafr26eVFR-NM5vYxooX9vyT9s8g0siBXYllzQYRhQx8RUn3PQv32VQc1Ebg-qi477XUa19zrCFvsjt-xJ2QtrSyBH0mtViaMhFf3BCZu7ibUaxfS0iNo=w5760-h3840-k-no","14","YEeoaaHGGM2hptQP2Yvr8Ak","","","/g/1w3459v4","4.9","31","Poznan, Polska","biuro rachunkowe","",,,,,,"","Open","os. Bolesława Chrobrego 39/112","2026-03-04 15:53:21.050176","bok@pitbull.pl","kontakt@vbiuro.com","biuro@biuroplus.pl","biuro@pidpolska.pl","biuro@pit-elk.pl","rodo@interbiuro.pl","biuro@fiorentini.com",,"https://google.com/maps?cid=12421868855685055476","https://pitbiuro.pl","biuro@pitbiuro.pl",,,,,,,,,,,,"60-681"
"Wheelchair accessible seating",,,,,,,"Identifies as women-owned",,,,,,"Onsite services",,"osiedle Rusa 54/9, 61-245 Poznań, Poland","Accountant","Accounting firm","Bookkeeping service","Tax preparation",,,,,,"1633526891867921110","Poznań","PL","us","United States","37","0x47045b35310e6bc7:0x16ab740da8d5dad6","Yes","en","English","52.391327","","16.9868913","Biuro rachunkowe Poznań Nowoczesne Systemy Finansowe","Nowe Miasto","16","661 660 071","+48 661 660 071","https://lh3.googleusercontent.com/gps-cs-s/AHVAwernRdi9YJHihNk-YYmPoR1I3tG-Tkly_pv2bLlqiF4lz5m9HkJt9rslRGMwphoh_yNGJqjDh6i3OMPEpvL-sXY3kUGTq5Ih-7KDcrGskVMsUV8JjcnwfBULDjjXt1cTSF2Q_FO5VQ=w2560-h1440-k-no","16","YEeoaaHGGM2hptQP2Yvr8Ak","","","/g/1tfghj9r","5","21","Poznan, Polska","biuro rachunkowe","",,,,,,"","Open","osiedle Rusa 54/9","2026-03-04 15:53:21.050195",,,,,,,,,"https://google.com/maps?cid=1633526891867921110","https://nsf.com.pl",,,,,,,,,,,,,"61-245"
"Wheelchair accessible entrance",,,,"Gender-neutral restroom",,,"Identifies as women-owned",,,,,,"Onsite services",,"Perzycka 22, 60-182 Poznań, Poland","Accountant","Accounting firm","Bookkeeping service","Legal services","Tax consultant","Tax preparation","Tax preparation service",,,"12775354338054249193","Poznań","PL","us","United States","38","0x47044448e60d6e55:0xb14b2d156f781ae9","Yes","en","English","52.411921199999995","","16.8187704","Taxodus Biuro Księgowe Poznań Ławica Biuro Rachunkowe - Księgowość Kadry i Płace","Grunwald","17","537 700 174","+48 537 700 174","https://lh3.googleusercontent.com/gps-cs-s/AHVAweqt4deCLpWyjA-qz-vhzt-NQQGrYrMog5-dgHzODgM7zE0tHTzDfzkiepUcDs_2S5_J-KRejc4e9Vm5uCwAq35RmHGlJuQSX85wq2WJROZYw7Ad5SZ0XIYYh_EZpjqlhm1YSA=w2121-h1414-k-no","15","YEeoaaHGGM2hptQP2Yvr8Ak","","","/g/11ckqn8_n4","4.9","31","Poznan, Polska","biuro rachunkowe","",,,,,,"","Open","Perzycka 22","2026-03-04 15:53:21.050210","sekretariat@taxodus.pl",,,,,,,,"https://google.com/maps?cid=12775354338054249193","https://taxodus.pl",,,,,,,,,,,,,"60-182"
,,,,,,,"Identifies as women-owned",,,,,,"Onsite services","Online appointments","Międzychodzka 2/8, 60-371 Poznań, Poland","Bookkeeping service",,,,,,,,,"4808026243770998178","Poznań","PL","us","United States","39","0x2ba12d93a5b8b375:0x42b98a650ab9dda2","Yes","en","English","52.4048241","","16.878209599999998","Biuro Rachunkowe MS Monika Stefaniak Poznań","Grunwald","18","503 553 249","+48 503 553 249","https://lh3.googleusercontent.com/gps-cs-s/AHVAwerrdPELjUubmkTbZRbBJdxf-ehyRq1dORHcUncr2OuvmfzxEvuSAsTTS3DRGGGNHG2gAOoPh5PZXINMHxXzREDz__dXUZbnWZQi6DxocoDDOtwcBElGzWPNBumwyZL_C6fV9kss=w1200-h1041-k-no","4","YEeoaaHGGM2hptQP2Yvr8Ak","","","/g/11x1xx826t","5","31","Poznan, Polska","biuro rachunkowe","",,,,,,"","Open","Międzychodzka 2/8","2026-03-04 15:53:21.050224","dariusz.jarmoc@livros-kancelaria.pl","kontakt@biurorada.pl","cecylia@biurorachunkoweglowacka.pl","m.sienkowska@wp.pl","biuro@efkasc.pl",,,,"https://google.com/maps?cid=4808026243770998178","https://biurorachunkowems.pl",,,,,,,,,,,,,"60-371"
,,,,,,,,"Free parking lot","On-site parking",,,,,,"Wilczak 14A/214, 61-623 Poznań, Poland","Accountant","Accounting firm","Bookkeeping service","Income tax help association","Tax consultant","Tax preparation","Tax preparation service",,,"6886557626039215992","Poznań","PL","us","United States","40","0x47045dacc59919df:0x5f91f7aca1532778","Yes","en","English","52.429733399999996","","16.9512183","Biuro Rachunkowe Poznań - Ingenium Sp. z o.o.","Stare Miasto","19","517 230 852","+48 517 230 852","https://lh3.googleusercontent.com/gps-cs-s/AHVAweoCuHxO2rPZkK4BP2xUwZcxF0GDjl_6RD6WHscGVpAeFhaXJKrwmsE0qNFPRh709ejO2tcCN0RQo5z8IMgWCDWh0m8jtndmj8S7yvsuZjzW5B_NfSknmZgpEWBYGO-ycbh5o6e1KbH1HVU=w5712-h4284-k-no","7","YEeoaaHGGM2hptQP2Yvr8Ak","","","/g/11h10fqrlg","5","13","Poznan, Polska","biuro rachunkowe","","https://www.facebook.com/privacy/",,,,,"","Open","Wilczak 14A/214","2026-03-04 15:53:21.050237","katarzyna.murdoch@echo.com.pl","info@editeur.org","flavio@bgfconsultoria.com.br",,,,,,"https://google.com/maps?cid=6886557626039215992","https://br-ingenium.pl","info@br-ingenium.pl",,,,,,,,,,,,"61-623"
,,,,,,,,"Paid street parking","Paid parking garage",,,,"Onsite services",,"Ulica Karola Libelta 1A, 61-706 Poznań, Poland","Accountant","Accounting firm","Bookkeeping service","Tax consultant","Tax preparation",,,,,"10691589210664888296","Poznań","PL","us","United States","41","0x47045bd48308c4d3:0x946027bd9a1467e8","Yes","en","English","52.4099564","","16.9234278","Sobieraj i Kuźmin Sp. z o.o. Biuro rachunkowe Poznań - KSIĘGOWOŚĆ | KADRY | DORADZTWO PODATKOWE","Stare Miasto","40","61 877 51 11","+48 61 877 51 11","https://streetviewpixels-pa.googleapis.com/v1/thumbnail?panoid=-qfhHx8oI19KFnDa2cHsJw&cb_client=search.gws-prod.gps&w=80&h=92&yaw=234.23859&pitch=0&thumbfov=100","1","YEeoaffoGPCA5OMPjM_WkQ4","","","/g/11qnqtvv87","5","24","Poznan, Polska","biuro rachunkowe","",,,,,,"","Open","Ulica Karola Libelta 1A","2026-03-04 15:53:21.058172",,,,,,,,,"https://google.com/maps?cid=10691589210664888296","https://doradztwopodatkowe-sik.pl",,,,,,,,,,,,,"61-706"
,,,,,,,,,,,"Appointment required",,"Onsite services","Online appointments","Osiedle Zwycięstwa 7, domofon 160, 61-645 Poznań, Poland","Accountant","Accounting firm",,,,,,,,"7599970751365498274","Poznań","PL","us","United States","42","0x47045b3713bae843:0x69788521ca7fc5a2","Yes","en","English","52.442208","","16.9278764","Fineko. Accounting Poznan","Stare Miasto","41","697 162 826","+48 697 162 826","https://lh3.googleusercontent.com/gps-cs-s/AHVAwergf_BtuEWxuwENQdsesYIDgIih2AOLE-Rwlv-TsD89843WAXzIPmLkl6Eo32atlWhFmWk3jUs4yj75pU7h21o1BFC3NZtShymjy67JLDDRF-rElGa7kB0M4Ev0jxOkXx1LUwqS=w1047-h1050-k-no","5","YEeoaffoGPCA5OMPjM_WkQ4","","","/g/1hhlsgvpf","5","13","Poznan, Polska","biuro rachunkowe","",,,,,,"","Open","Osiedle Zwycięstwa 7, domofon 160","2026-03-04 15:53:21.058225",,,,,,,,,"https://google.com/maps?cid=7599970751365498274","https://fineko.com.pl",,,,,,,,,,,,,"61-645"
"Wheelchair accessible seating",,,,,,,,,,,,,,,"Wierzbięcice 44a/lok. 40A, 61-568 Poznań, Poland","Accountant","Accounting firm","Bookkeeping service","Financial planner","Tax consultant","Tax preparation","Virtual office rental",,,"17872758480663917601","Poznań","PL","us","United States","43","0x47045b8ab93622ed:0xf808cb24ec52b421","Yes","en","English","52.3940554","","16.921581","TaxCoach Sp. z o.o. Biuro rachunkowe - KSIĘGOWOŚĆ | KADRY | PODATKI | ZARZĄDZANIE FINANSAMI | KONSULTING FINANSOWY","Wilda, Poznań","42","665 553 120","+48 665 553 120","https://lh3.googleusercontent.com/gps-cs-s/AHVAwerJb0VpcYYQwxsx3Ei3RndKmyiNJaqfqGUJPzQjX00m8fDwXD-Wimj9FtMKmOFdlIXd9wu-Y6L1C1UXHIU97Q9nUzfgYGBg3Tb9TJ-fV29Qk8qhipVNzD_o6suBFUHpDD43k1oWWdpm2ABA=w6123-h4082-k-no","8","YEeoaffoGPCA5OMPjM_WkQ4","","","/g/11j03tzgt6","4.5","77","Poznan, Polska","biuro rachunkowe","",,,,,,"","Open","Wierzbięcice 44a/lok. 40A","2026-03-04 15:53:21.058244",,,,,,,,,"https://google.com/maps?cid=17872758480663917601","https://taxcoach.pl",,,,,,,,,,,,,"61-568"
"Wheelchair accessible restroom","Wheelchair accessible seating","Wheelchair accessible entrance","Wheelchair accessible parking lot","Gender-neutral restroom","LGBTQ+ friendly",,"Identifies as women-owned",,,,,,"Onsite services",,"Toruńska 7, 61-045 Poznań, Poland","Accountant","Accounting firm",,,,,,,,"17909870924395620156","Poznań","PL","us","United States","44","0x47045b9cbaac2495:0xf88ca4b715b2a73c","Yes","en","English","52.411117999999995","","16.9835714","Mega Lex Corp.","Nowe Miasto","43","731 317 777","+48 731 317 777","https://lh3.googleusercontent.com/gps-cs-s/AHVAwepeDA4zbQqW-_Y36cWD3tTL3J7I3FuXPXtQO7_PAZi-8GPaaudpuUdcWTh74TvYxF-c-r9h8De_kL1kF9qyteM8rjKNw9jPPuYwIzkI4InI2sF4kS-0VkGo7Hh0_xIXwc6nWIFelw=w5472-h3648-k-no","27","YEeoaffoGPCA5OMPjM_WkQ4","","","/g/1jkyqw5st","4.8","24","Poznan, Polska","biuro rachunkowe","",,,,,,"","Open","Toruńska 7","2026-03-04 15:53:21.058263",,,,,,,,,"https://google.com/maps?cid=17909870924395620156","https://megalex.pl",,,,,,,,,,,,,"61-045"
,,,,,,,,,,,,,,,"Bychawska 17, 61-315 Poznań, Poland","Bookkeeping service",,,,,,,,,"4797716992233208080","Poznań","PL","us","United States","45","0x47045bce7cdde7ef:0x4294ea2f5eea7910","Yes","en","English","52.358714299999995","","16.983213499999998","Biuro Rachunkowe JW","Nowe Miasto","44","665 106 769","+48 665 106 769","https://lh3.googleusercontent.com/gps-cs-s/AHVAwep48d9RqhBbQWaHGuUq8HlwDhYWJLoSdFHgOZg31r29EhWPtZKPtLNnZkSpfJve6-fBqJ_HBKJ2L1WbNJeH3S3fz0lxLmIY2FGoX4JEWPCG4LEjIMpDdvEdrFtpgfUkgYx65vw=w3000-h2000-k-no","2","YEeoaffoGPCA5OMPjM_WkQ4","","","/g/11sk9xkyvh","5","2","Poznan, Polska","biuro rachunkowe","",,,,,,"","Open","Bychawska 17","2026-03-04 15:53:21.058278","biuro@jw-tax.pl","cecylia@biurorachunkoweglowacka.pl","biuro@efkasc.pl",,,,,,"https://google.com/maps?cid=4797716992233208080","https://biurorachunkowejw.pl","biuro@biurorachunkowejw.pl",,,,,,,,,,,,"61-315"
,,,,,,,,,,,,,,,"Jackowskiego 9, 60-508 Poznań, Poland","Bookkeeping service",,,,,,,,,"8471618088016079548","Poznań","PL","us","United States","46","0x470445a6d4617d7f:0x75913bc438f8eabc","Yes","en","English","52.409950599999995","","16.9010533","Grakon Sp. z o. o.","Jeżyce, Poznań","45","609 610 148","+48 609 610 148","https://lh3.googleusercontent.com/gps-cs-s/AHVAwer_RridbCoF1XB0-YJcGwVgQXJaeoU1RrnxF6fbC600vWfcBMV5rWWLpY9aGXeZadoYkazRxQV-HccdkMPqlBCD5LgstTTC-GjS9N1sRr6qT6Vjh9KHfqF1FU5Fe0DKzU1szzq-=w639-h960-k-no","2","YEeoaffoGPCA5OMPjM_WkQ4","","","/g/11j985jyf0","4.8","33","Poznan, Polska","biuro rachunkowe","",,,,,,"","Open","Jackowskiego 9","2026-03-04 15:53:21.058291",,,,,,,,,"https://google.com/maps?cid=8471618088016079548","https://grakon.com.pl",,,,,,,,,,,,,"60-508"
,,,,,"Transgender safespace","LGBTQ+ friendly","Identifies as women-owned",,,,,,,,"Półwiejska 45/4, 61-886 Poznań, Poland","Accounting firm",,,,,,,,,"4923982491761135839","Poznań","PL","us","United States","47","0x47045b892afa2f7f:0x44557ffce5aa50df","Yes","en","English","52.4006191","","16.9282207","Biuro rachunkowe MOLARD","Stare Miasto","46","518 049 002","+48 518 049 002","https://lh3.googleusercontent.com/gps-cs-s/AHVAwerckuLI9tZ4bCGvAHkK3Z7rK-56vw5Zyj2a5Umm4N0PEzAdFRBWBU_SUBqQVHkzO81kzpdb2BWuQeqxEF5mU9MEqBmEmwGogzBIkN9cEpkyLAMtDa1MrIuN8F6W_iqL6yhdtCmI4PkXl8lp=w3064-h4400-k-no","4","YEeoaffoGPCA5OMPjM_WkQ4","","","/g/11yrdwj6v3","5","1","Poznan, Polska","biuro rachunkowe","",,,,,,"","Open","Półwiejska 45/4","2026-03-04 15:53:21.058306","iod@mol.com.pl","info@cosmopolite.ch","honoraryconsul@raschwartz.info","scheduling@raschwartz.info","emailinfo@tourdumolard.com","hurt2@morad.pl","handlowy1@morad.pl","handlowy3@morad.pl","https://google.com/maps?cid=4923982491761135839","https://molard.pl","biuro@molard.pl",,,,,,,,,,,,"61-886"
,,,,,,,,,,,,,,,"Andersia Business Centre, Pl. Władysława Andersa 7, 61-894 Poznań, Poland","Accounting firm","Insurance agency",,,,,,,,"14543195920835710345","Poznań","PL","us","United States","48","0x471b2b27dad81db7:0xc9d3cfa308528d89","Yes","en","English","52.4005747","","16.9257851","Biuro Rachunkowe PUnKT Sp. z o.o.","Stare Miasto","47","514 533 315","+48 514 533 315","https://lh3.googleusercontent.com/gps-cs-s/AHVAweowEjjp7PxeiTib012_5VbTfB7tc1OwG5wUtpY8JbiOJjz0hi4MXvfKPr_IWLx0PjZJk0ZzQ0pXZrFY2W0MuiT5cFWGGIUEj_lhc4S9S5Vs9Z-PpfCzIdVcg-GPWq-77uks0Fg=w3054-h957-k-no","2","YEeoaffoGPCA5OMPjM_WkQ4","","","/g/11g9gplzfm","4.6","10","Poznan, Polska","biuro rachunkowe","",,,,,,"","Open","Andersia Business Centre, Pl. Władysława Andersa 7","2026-03-04 15:53:21.058317",,,,,,,,,"https://google.com/maps?cid=14543195920835710345","https://brpunkt.pl",,,,,,,,,,,,,"61-894"
,,,,,,,,,,,,,,,"Mostowa 39/3, 61-854 Poznań, Poland","Accounting firm",,,,,,,,,"9701987857319556621","Poznań","PL","us","United States","49","0x47045b40765bffff:0x86a4628d8aaf760d","Yes","en","English","52.4076056","","16.9388462","Biuro Rachunkowe M-Team","Stare Miasto","48","503 132 350","+48 503 132 350","https://lh3.googleusercontent.com/gps-cs-s/AHVAweoYgzbhxn9mXO9akep06vunsm1zds_Dv2Ef2Ue90eDUUSFtWm6lXR3iq_X7v90OCoq4BrbDEyF73ThjSFfhyKN5DUQkqWxehEe5zcT4gHP3z5mNEGTfu2cOKjd7Fh_WLUDj_sc=w1476-h1476-k-no","2","YEeoaffoGPCA5OMPjM_WkQ4","","","/g/11fm163pk7","5","12","Poznan, Polska","biuro rachunkowe","",,,,,,"","Open","Mostowa 39/3","2026-03-04 15:53:21.058329",,,,,,,,,"https://google.com/maps?cid=9701987857319556621","https://m-team-biurorachunkowe.pl",,,,,,,,,,,,,"61-854"
,,,,,,,,,,,,,,,"Wagrowska 6, 61-369 Poznań, Poland","Accounting firm","Garden",,,,,,,,"16378479550635247748","Poznań","PL","us","United States","50","0x47045afbe6055555:0xe34c0c5fd89d0884","Yes","en","English","52.378191799999996","","16.9460966","BIURO RACHUNKOWE DM SP. Z OO","Nowe Miasto","49","502 497 149","+48 502 497 149","https://lh3.googleusercontent.com/gps-cs-s/AHVAweoYL2FAsrtnHl5seAYd0HALeuA6JE9K2zVaypcjDye0okgd3NP5mwi8C-AWsG1Ejvd9kiqUQ-jylFoSwwrBt0cwWmn1Dw8sZ1_qdHtCQlmuyQekE31oIM3ky7nCb23z0R2eMBCb=w2734-h3166-k-no","5","YEeoaffoGPCA5OMPjM_WkQ4","","","/g/11fm16ftz1","4.4","7","Poznan, Polska","biuro rachunkowe","",,,,,,"","Open","Wagrowska 6","2026-03-04 15:53:21.058345",,,,,,,,,"https://google.com/maps?cid=16378479550635247748","",,,,,,,,,,,,,"61-369"
,,,,,,,,,,,"Appointments recommended",,,,"Zgoda 14/10, 60-128 Poznań, Poland","Accountant",,,,,,,,,"11664572350052586182","Poznań","PL","us","United States","51","0x4704452e13c74961:0xa1e0e2c035ba52c6","Yes","en","English","52.3837056","","16.8838504","Księgowy EXPERT","Grunwald","50","507 548 604","+48 507 548 604","https://lh3.googleusercontent.com/gps-cs-s/AHVAwerr_EN8SqerAOCng0WWV4o7wJTdLcW5CbEay868xV7BuUNt21faEz_arvukh2le6wdBd-tImTgP7UXF4hMuJP5_zvgqZCevIzY4FzUfjYZ_NO7x1K9V19jjIvBZwFKKMJ1MShx6=w2048-h1536-k-no","3","YEeoaffoGPCA5OMPjM_WkQ4","","","/g/1pp2vgjsj","4.4","39","Poznan, Polska","biuro rachunkowe","",,,,,,"","Open","Zgoda 14/10","2026-03-04 15:53:21.058357","biuro@ksiegowyexpert.pl","biuro@ksiegowy-ekspert.pl","faktury@firmaoptimal.pl","r.szymanska@rsarchitektura.pl",,,,,"https://google.com/maps?cid=11664572350052586182","https://ksiegowyexpert.pl",,,,,,,,,,,,,"60-128"
,,,,,,,,,,,,,,,"Jana Kochanowskiego 11/2A, 60-845 Poznań, Poland","Accountant","Accounting firm","Bookkeeping service","Tax preparation",,,,,,"6734646103682207015","Poznań","PL","us","United States","52","0x470444cadb5ae4a1:0x5d7644f319f24d27","Yes","en","English","52.4097764","","16.908750599999998","Biuro rachunkowe - LK PROGRES Lucyna Kaczmarek","Jeżyce, Poznań","51","608 319 654","+48 608 319 654","https://lh3.googleusercontent.com/gps-cs-s/AHVAwepcN5ldtSVSQZj5SgBk8_6Lh1fGG9SefaVNftWjtsUN_l7mSUf2vm9IORZfFYg_MdKhjXNnJhgmVXxQMlSzLOzw93qao2a-CvapVuPi7rOLoIjsiP7pM2X7Kh9CsqDcnigmKCKS=w2119-h1414-k-no","14","YEeoaffoGPCA5OMPjM_WkQ4","","","/g/1tqf_0k2","5","2","Poznan, Polska","biuro rachunkowe","",,,,,,"","Open","Jana Kochanowskiego 11/2A","2026-03-04 15:53:21.058370","logistyka@grupaprogres.pl","progres-ltd@progres-ltd.pl","biuro@proprogress.pl","iod@grupaprogres.pl","office@progressholding.pl",,,,"https://google.com/maps?cid=6734646103682207015","https://lkprogres.pl","lucyna@lkprogres.pl",,,,,,,,,,,,"60-845"
"Wheelchair accessible entrance",,,,,,,"Identifies as women-owned",,,,,,,,"Marcelińska 86, 60-324 Poznań, Poland","Bookkeeping service","Accountant","Accounting firm","Tax consultant",,,,,,"5558606875532970201","Poznań","PL","us","United States","53","0x4704452bff9baa85:0x4d242380a62fc8d9","Yes","en","English","52.404024799999995","","16.867953699999997","Biuro rachunkowe Adler","Grunwald","52","533 321 741","+48 533 321 741","https://lh3.googleusercontent.com/gps-cs-s/AHVAweqNjg14lBkDGDQGjw1C46rZVbQwsMBQVB00f7XuJSqh4ZEMIF284F6-NKrbZDsEm0tC5F5GomzkX7cemerY2LZ8wJkGZvmqlyM4cLM75OicpC2pLktRGq_l_J6idSRS2LIgf891cA=w900-h600-k-no","21","YEeoaffoGPCA5OMPjM_WkQ4","","","/g/11_r1b174","5","3","Poznan, Polska","biuro rachunkowe","",,,,,,"","Open","Marcelińska 86","2026-03-04 15:53:21.058383",,,,,,,,,"https://google.com/maps?cid=5558606875532970201","https://biuroadler.pl",,,,,,,,,,,,,"60-324"
,,,,,,,,,,,"Appointments recommended",,,,"Szczepankowo 108, 61-306 Poznań, Poland","Accountant","Association / Organization","Bookkeeping service","Income tax help association","Legal services","Tax consultant","Tax preparation","Tax preparation service",,"9285125771964001447","Poznań","PL","us","United States","54","0x4704598ee631a2bf:0x80db64b1e4bd2ca7","Yes","en","English","52.3591693","","17.0196784","Renata Pempera Biuro Rachunkowe","Nowe Miasto","53","663 705 354","+48 663 705 354","https://lh3.googleusercontent.com/gps-cs-s/AHVAweoBDF8P7za_1v9roVEO1d4oDp_U5RxhQZevS_D2GbmKshebrIp2L3RR6GnILsLwQdZqRl9iU11CITRDK-6b-JLQ9tvUH5bjkw-i5z0mxKWNC0yS46u624R_Bw12d3LSRN_BkFLc=w2121-h1414-k-no","19","YEeoaffoGPCA5OMPjM_WkQ4","","","/g/11b66h23dk","5","2","Poznan, Polska","biuro rachunkowe","",,,,,,"","Open","Szczepankowo 108","2026-03-04 15:53:21.058394",,,,,,,,,"https://google.com/maps?cid=9285125771964001447","https://pempera.pl",,,,,,,,,,,,,"61-306"
,,,,,,,,,,,,,,,"Ptasia 20B, 60-319 Poznań, Poland","Accountant","Accounting firm","Bookkeeping service","Tax preparation","Tax preparation service",,,,,"7290774711526675184","Poznań","PL","us","United States","55","0x470444c7d01e8cab:0x652e08f8d1f2d2f0","Yes","en","English","52.400826599999995","","16.8576503","G-TAX","Grunwald","54","608 640 562","+48 608 640 562","https://lh3.googleusercontent.com/gps-cs-s/AHVAweqDTqAAOwurWdBfFCoyI2-Ydgj-YnXiIqAeV6v3wGU3TXAprPWp9W5l2TlXTq2dWHI_-fiVxUvkGkhn2FfEyuu752ZTpy_xCSFUvkFk_h5s0Ehyp81-gAbfhgV0d_HYVSpOt6k=w3529-h2447-k-no","4","YEeoaffoGPCA5OMPjM_WkQ4","","","/g/12hnbwjlk","4.9","29","Poznan, Polska","biuro rachunkowe","",,,,,,"","Open","Ptasia 20B","2026-03-04 15:53:21.058409","info@gtaxfile.com","dol.ctfmla@ct.gov","1099helpdesk@usda.gov",,,,,,"https://google.com/maps?cid=7290774711526675184","https://g-tax.pl","biuro@g-tax.pl",,,,,,,,,,,,"60-319"
,,,,,,,,,,,,,,,"I piętro, Biurowiec Sigma, Marcelińska 92, 60-324 Poznań, Poland","Accountant","Accounting firm",,,,,,,,"8961282069448678243","Poznań","PL","us","United States","56","0x470445c6874c0001:0x7c5cde903190db63","No","en","English","52.4044792","","16.864351499999998","Biuro Rachunkowe Agnieszka Miśkiewicz","Grunwald","55","509 099 518","+48 509 099 518","https://streetviewpixels-pa.googleapis.com/v1/thumbnail?panoid=SmrT1kj2GkAMzafKBbPusg&cb_client=search.gws-prod.gps&w=80&h=92&yaw=205.49042&pitch=0&thumbfov=100","1","YEeoaffoGPCA5OMPjM_WkQ4","","","/g/11h48wk93h","5","21","Poznan, Polska","biuro rachunkowe","",,,,,,"","Open","I piętro, Biurowiec Sigma, Marcelińska 92","2026-03-04 15:53:21.058420","magda.miskiewicz@miskiewiczdesign.pl","m.miskiewicz@mimuw.edu.pl","mrajchel@prz.edu.pl","siwowski@prz.edu.pl","m.miskiewicz@mimuw.edu","sales@harvardapparatus.co.uk",,,"https://google.com/maps?cid=8961282069448678243","https://br-miskiewicz.pl","biuro@br-miskiewicz.pl",,,,,,,,,,,,"60-324"
"Wheelchair accessible parking lot",,,,"Gender-neutral restroom",,,"Identifies as women-owned",,,,,,,,"Limanowskiego 21, 60-744 Poznań, Poland","Accountant","Accounting firm","Bookkeeping service",,,,,,,"12709133193309338127","Poznań","PL","us","United States","57","0x47044569417431b1:0xb05fe94dae543a0f","Yes","en","English","52.3974729","","16.8971297","Marta Sowa","Grunwald","56","606 553 563","+48 606 553 563","https://lh3.googleusercontent.com/gps-cs-s/AHVAweo6TGLf2_nLkXiABG-PJ-aA0lf7DjdRLB2XngeHCAuzSmDec4sqVHW-SY7kUrxC3iWk1AEc_3aL1A244fNWhumPWO3CtCvQxDoYF_VeIeoKohqkH1Pc_jUJHc8q7eZ6xyHQL9a2=w8688-h5792-k-no","13","YEeoaffoGPCA5OMPjM_WkQ4","","","/g/11g1s_jxjq","4.7","14","Poznan, Polska","biuro rachunkowe","",,,,,,"","Open","Limanowskiego 21","2026-03-04 15:53:21.058434",,,,,,,,,"https://google.com/maps?cid=12709133193309338127","https://ksiegowa-sowa.pl",,,,,,,,,,,,,"60-744"
"Wheelchair accessible seating","Wheelchair accessible entrance","Wheelchair accessible restroom",,"Gender-neutral restroom","Transgender safespace","LGBTQ+ friendly",,,,,,,,,"plac Wolności 18, 61-739 Poznań, Poland","Accounting firm","Bookkeeping service",,,,,,,,"8342484576221328251","Poznań","PL","us","United States","58","0x47045b39cf1ae4a9:0x73c675858dd8f37b","Yes","en","English","52.408489499999995","","16.9278335","PG Partner Gospodarczy | Poznań","Stare Miasto","57","536 169 066","+48 536 169 066","https://lh3.googleusercontent.com/gps-cs-s/AHVAweqx45Kr1O_PME-ojJO73E9CqbCZcbao-mp5FrfFztPmwTPHhPmCS4dfFlmyLOk0F6a4scgRKBbbzTA4yvyEEaqqzCu-jQg7gN2WHRbliDmvhr6Bq-RgZ4A6P7k-WgOi7Po5uU7a=w2048-h1365-k-no","16","YEeoaffoGPCA5OMPjM_WkQ4","","","/g/11fy94ws4f","4.7","61","Poznan, Polska","biuro rachunkowe","","https://www.facebook.com/pg.partnergospodarczy",,"https://www.linkedin.com/company/partner-gospodarczy/",,,"","Open","plac Wolności 18","2026-03-04 15:53:21.058448",,,,,,,,,"https://google.com/maps?cid=8342484576221328251","https://partner-gospodarczy.pl","bilans@partner-gospodarczy.pl","zapytania@partner-gospodarczy.pl","gdansk@partner-gospodarczy.pl","katowice@partner-gospodarczy.pl","krakow@partner-gospodarczy.pl","lodz@partner-gospodarczy.pl","poznan@partner-gospodarczy.pl",,,,,,"61-739"
"Wheelchair accessible restroom","Wheelchair accessible seating","Wheelchair accessible parking lot",,"Gender-neutral restroom",,,"Identifies as women-owned","Paid street parking","Paid parking lot",,,,"Onsite services","Online appointments","Ulica Karola Libelta 27/W4, 61-707 Poznań, Poland","Accountant","Accounting firm","Auditor","Bookkeeping service","Certified public accountant","Income tax help association","Occupational safety and health","Tax preparation","Tax preparation service","18080243295856534969","Poznań","PL","us","United States","59","0x47044fa6cbe43b3d:0xfae9ed7bfe2aa5b9","Yes","en","English","52.412055599999995","","16.9187431","SmcTax","Stare Miasto","58","513 669 044","+48 513 669 044","https://lh3.googleusercontent.com/gps-cs-s/AHVAwerJzj80Y3yLuasp1rgGyruvnVg6IXMhm5IPY3mUfGyeGZ_YAVl-_mMO8ESvyKj1EZgGSlJYyhrZLkfl35qbiswvYx-mWLhSepegtbfUnam7PX-UqejJVu006LHzjSy087PIMKU8=w3024-h4032-k-no","34","YEeoaffoGPCA5OMPjM_WkQ4","","","/g/11stvtmdxg","4.8","17","Poznan, Polska","biuro rachunkowe","",,,,,,"","Open","Ulica Karola Libelta 27/W4","2026-03-04 15:53:21.058466",,,,,,,,,"https://google.com/maps?cid=18080243295856534969","https://smctax.pl",,,,,,,,,,,,,"61-707"
,,,,,,,,,,,,,,,"Strzelecka 29A/39, 61-846 Poznań, Poland","Accounting firm",,,,,,,,,"11952003219968864486","Poznań","PL","us","United States","60","0xa67da9e496dcfd89:0xa5de0b9aa891b0e6","Yes","en","English","52.402579499999995","","16.934635999999998","KANCELARIA RACHUNKOWA KMN PRESTIGE SPÓŁKA Z OGRANICZONĄ ODPOWIEDZIALNOŚCIĄ","Stare Miasto","59","669 787 648","+48 669 787 648","https://lh3.googleusercontent.com/gps-cs-s/AHVAwep7UpJ7zeuVvU63A1C0By9NHocKnroScHVz-oAXhPOeKeQCfkwd2_73IdJJkTsVdDNob-mXlGg5VAtO4EWQcpnB6ETNYTEwxipYqprthzM1ineJK6bHkrlUg5rFuQvKqGk9ePoi=w1170-h1170-k-no","2","YEeoaffoGPCA5OMPjM_WkQ4","","","/g/11y3y8snws","5","19","Poznan, Polska","biuro rachunkowe","",,,,,,"","Open","Strzelecka 29A/39","2026-03-04 15:53:21.058477",,,,,,,,,"https://google.com/maps?cid=11952003219968864486","https://kmnprestige.pl",,,,,,,,,,,,,"61-846"
,,,,,,,,"Paid street parking",,,,,,,"Wysoka 5A/4, 61-850 Poznań, Poland","Bookkeeping service",,,,,,,,,"7060121717844894294","Poznań","PL","us","United States","61","0x470444afacd502fb:0x61fa974bd72a6256","Yes","en","English","52.405152099999995","","16.9283662","Biuro Rachunkowe Krzysztof Bejgerowski","Stare Miasto","80","61 821 50 21","+48 61 821 50 21","https://lh3.googleusercontent.com/gps-cs-s/AHVAwerP6AaY-kwnEoI3DkiRCa9a_OQyRyfFr43D1M5m4YrZPi48LAdM7xNmRcp45WeYOCfxpd1OrGDgHLGbtYlq-KUSQybJHyVIcSb7f6F6Uz6inzbcysF74lWnNjZKyAl1bamU2uY1jg=w842-h546-k-no","3","YEeoaaLSGLvcptQPrO6x0A4","","","/g/11gfp0f20x","5","1","Poznan, Polska","biuro rachunkowe","",,,,,,"","Open","Wysoka 5A/4","2026-03-04 15:53:21.136348",,,,,,,,,"https://google.com/maps?cid=7060121717844894294","https://brkb.pl",,,,,,,,,,,,,"61-850"
"Wheelchair accessible restroom","Wheelchair accessible entrance","Wheelchair accessible seating",,,"Transgender safespace","LGBTQ+ friendly",,,,,"Appointment required",,"Onsite services","Online appointments","Stęszewska 46, 60-111 Poznań, Poland","Bookkeeping service",,,,,,,,,"3106199397132748382","Poznań","PL","us","United States","62","0x47044537783ff603:0x2b1b6fe4f3a1465e","Yes","en","English","52.3759855","","16.873620499999998","Hencel biuro rachunkowe Poznań","Grunwald","81","797 335 345","+48 797 335 345","https://streetviewpixels-pa.googleapis.com/v1/thumbnail?panoid=aJU60Y1xR39Xv8fW5C9h6g&cb_client=search.gws-prod.gps&w=80&h=92&yaw=333.57687&pitch=0&thumbfov=100","1","YEeoaaLSGLvcptQPrO6x0A4","","","/g/1wd3trl8","5","11","Poznan, Polska","biuro rachunkowe","",,,,,,"","Open","Stęszewska 46","2026-03-04 15:53:21.136403",,,,,,,,,"https://google.com/maps?cid=3106199397132748382","",,,,,,,,,,,,,"60-111"
,,,,,,,,,,,,,,,"Jasielska 9/2, 60-476 Poznań, Poland","Accounting firm",,,,,,,,,"16152869361987526978","Poznań","PL","us","United States","63","0x470443b886f75ca9:0xe02a851a688ea142","Yes","en","English","52.4454922","","16.8958428","Biuro Rachunkowe KMT Finance","Jeżyce, Poznań","82","503 074 732","+48 503 074 732",,"0","YEeoaaLSGLvcptQPrO6x0A4","","","/g/1tmqkh0v","5","3","Poznan, Polska","biuro rachunkowe","",,,,,,"","Open","Jasielska 9/2","2026-03-04 15:53:21.136418",,,,,,,,,"https://google.com/maps?cid=16152869361987526978","https://kmtfinance.pl",,,,,,,,,,,,,"60-476"
,,,,,,,,,,,,,,,"Święty Marcin 11/4, 61-803 Poznań, Poland","Accounting firm",,,,,,,,,"18082595111850639897","Poznań","PL","us","United States","64","0x47045b818447be3b:0xfaf24872d3128219","Yes","en","English","52.405781","","16.929012099999998","Invoice-Tax - Profesjonalne Biuro Rachunkowe w Poznaniu | Centrum Finansowe | Spółki | Doradztwo Podatkowe | Wirtualne Biuro","Stare Miasto","83","532 168 164","+48 532 168 164","https://lh3.googleusercontent.com/gps-cs-s/AHVAwepCzYGrWA3sDNGK4Jl5JD3MU7xB2iMnrz6Tfq1wPsWi8m2DsovmDIpYj8UPQxK9LFglTypB9nBut2Dlfd8iWc-XCWTeK1cQeacEel77ZPL85Q3TPedSIVv9y0kff2inRQYrvijtAYk1m2A=w1170-h1164-k-no","4","YEeoaaLSGLvcptQPrO6x0A4","","","/g/11yk1rsxj6","4.8","23","Poznan, Polska","biuro rachunkowe","",,,,,,"","Open","Święty Marcin 11/4","2026-03-04 15:53:21.136434",,,,,,,,,"https://google.com/maps?cid=18082595111850639897","https://invoice-tax.pl",,,,,,,,,,,,,"61-803"
,,,,,,,"Identifies as women-owned",,,,,,,,"os. Jagiellońskie 114/1, 61-222 Poznań, Poland","Accountant","Accounting firm","Bookkeeping service","Income tax help association","Tax preparation","Tax preparation service",,,,"2956923270749594996","Poznań","PL","us","United States","65","0x47045b076cd15c85:0x29091a0c5d1da574","Yes","en","English","52.3904287","","16.952167199999998","AKAMA Dorota Wysocka","Nowe Miasto","84","61 875 05 67","+48 61 875 05 67","https://lh3.googleusercontent.com/gps-cs-s/AHVAweorSfnoaEzq2mOm0LhO4I_H49JnwPZ_P9ldGBptsKfwwJQt8VaTI8Uq-cT0_rAuj60oKyKI6sTSkqAD94KL50N1BzMWoGfV-5QU8Cek-GFSeG7Qj9BnU43NK1mfk-o2pa7YK58=w10000-h5000-k-no-pi-0-ya314.56-ro0-fo100","8","YEeoaaLSGLvcptQPrO6x0A4","","","/g/1w97t2n0","4.6","9","Poznan, Polska","biuro rachunkowe","",,,,,,"","Open","os. Jagiellońskie 114/1","2026-03-04 15:53:21.136451","biuro@brdw.pl","sprzedaz.wapro@assecobs.pl","aga.wysocka@poczta.onet.pl","prefrow@preffow.com.pl",,,,,"https://google.com/maps?cid=2956923270749594996","https://wysocka-biuro-rachunkowe.pl",,,,,,,,,,,,,"61-222"
,,,,,,,,,,,,,,,"osiedle Polan 32, 61-253 Poznań, Poland","Accountant",,,,,,,,,"8656253221011485451","Poznań","PL","us","United States","66","0x47045baaa430cb37:0x782130711438730b","Yes","en","English","52.3834039","","16.9596227","Profit. Biuro rachunkowe","Nowe Miasto","85","514 955 639","+48 514 955 639","https://lh3.googleusercontent.com/gps-cs-s/AHVAweqqUzw11YXzWypAdU5ky4aexpYHL92kZ3wkdGiIoCBpwn_mdbv53FI6RVOiQlCqjWGz5qccMMyEHAlVUW12CN9Gruq4ahaPP5V0MVF2Gxa3V0NcVzn5jM6AbSHUT5s8u4aWXHrs=w5249-h3225-k-no","5","YEeoaaLSGLvcptQPrO6x0A4","","","/g/1pt_5nql0","3","2","Poznan, Polska","biuro rachunkowe","",,,,,,"","Open","osiedle Polan 32","2026-03-04 15:53:21.136464",,,,,,,,,"https://google.com/maps?cid=8656253221011485451","https://profitrachunki.pl","biuro@profitrachunki.pl",,,,,,,,,,,,"61-253"
,,,,,,,"Identifies as women-owned",,,,,,,,"Strzeszyńska 269, 60-479 Poznań, Poland","Accountant","Accounting firm","Tax consultant",,,,,,,"897855170936163319","Poznań","PL","us","United States","67","0x470443a37ebada67:0xc75d2855b65cbf7","Yes","en","English","52.4621218","","16.869111099999998","Kancelaria Podatkowa SAS TAX - Księgowość, Doradztwo i Kadry w jednym miejscu","Jeżyce, Poznań","86","504 968 218","+48 504 968 218","https://lh3.googleusercontent.com/gps-cs-s/AHVAweprUgfGIWwXzieYjlsEQK3cexKK6atxmnkj1o2JibsGABmVwMJHhNSJm2FypbFtEBNDKjsOleThkG9LWF6aXpsgeo1hYZ6J8I3aoMg-lf4_EVH2IgAJTe1yA_HUyn1GlNxVv_qBkw=w4032-h3024-k-no","10","YEeoaaLSGLvcptQPrO6x0A4","","","/g/11cl_ksjpq","4.7","15","Poznan, Polska","biuro rachunkowe","",,,,,,"","Open","Strzeszyńska 269","2026-03-04 15:53:21.136478",,,,,,,,,"https://google.com/maps?cid=897855170936163319","https://sastax.pl",,,,,,,,,,,,,"60-479"
,,,,,,,,,,,,,,,"Gen. T. Kutrzeby 16g/133, 61-719 Poznań, Poland","Bookkeeping service",,,,,,,,,"12236893525690458165","Poznań","PL","us","United States","68","0xaa816e3471824d0d:0xa9d22dd3e90ea035","Yes","en","English","52.416903899999994","","16.9303047","Biuro Rachunkowe PITOWNIK Aneta Śniatkowska","Stare Miasto","87","601 452 686","+48 601 452 686","https://lh3.googleusercontent.com/gps-cs-s/AHVAwepLYr40i2L9uLCobc8xYNFmexVv1gSen25vb29u2QhtYaViQNYKCQQ5WmduiSRyjEMHraf2WzQkocCPjJZB6mXJCLP79c00EWO-dUnHnGJXeO5Zx3sqJjQNGdx3Ejl7_wbF6SA=w4244-h6366-k-no","3","YEeoaaLSGLvcptQPrO6x0A4","","","/g/11scl8hccn","4.7","12","Poznan, Polska","biuro rachunkowe","",,,,,,"","Open","Gen. T. Kutrzeby 16g/133","2026-03-04 15:53:21.136490",,,,,,,,,"https://google.com/maps?cid=12236893525690458165","https://pitownik.pl",,,,,,,,,,,,,"61-719"
"Wheelchair accessible entrance",,,,,,,"Identifies as women-owned","Free street parking",,,"Appointment required",,,,"Oświecenia 31a, 61-211 Poznań, Poland","Accountant",,,,,,,,,"1542590871524137214","Poznań","PL","us","United States","69","0x47045b076cd15b99:0x1568623982f4d8fe","Yes","en","English","52.3912577","","16.957580699999998","AMIDA. Biuro rachunkowe","Nowe Miasto","88","501 975 440","+48 501 975 440","https://lh3.googleusercontent.com/gps-cs-s/AHVAweotvPsxDfQjXvm6MEQhTxiNwLYwiQjAfpuHtdsIHA4yIwYdamiuWs3k_sl6iPR--GfzI-4NO1DrP4B6KmKlOHGJwew7O1_-iD6ZJ4oKUSiocP2nBnheAXcfILnuulmeHXpW7R05=w1920-h1280-k-no","3","YEeoaaLSGLvcptQPrO6x0A4","","","/g/1tvt911z","4.9","9","Poznan, Polska","biuro rachunkowe","",,,,,,"","Open","Oświecenia 31a","2026-03-04 15:53:21.136506",,,,,,,,,"https://google.com/maps?cid=1542590871524137214","https://biurorachunkowe-amida.pl",,,,,,,,,,,,,"61-211"
"Wheelchair accessible entrance","Wheelchair accessible restroom",,,"Restroom",,,,,,,,,"Onsite services","Online appointments","Szelągowska 25/2-3, 61-626 Poznań, Poland","Tax preparation","Bookkeeping service",,,,,,,,"6727799397650677027","Poznań","PL","us","United States","70","0x470444d3a4711307:0x5d5df1e8210e3d23","Yes","en","English","52.4222713","","16.946744499999998","Biuro rozliczeń zagranicznych - zwrot podatku z zagranicy (Niemcy, Holandia, UK, Austria, Belgia)","Stare Miasto","89","61 828 81 02","+48 61 828 81 02","https://lh3.googleusercontent.com/gps-cs-s/AHVAwercvMp55RYqDHq4SLhwo2xF_xd3Qs4rd7nwLo7GmGYhCfh3qE0Z16lskYm7JhGC1oCl2fRMZbkDP7t19lJ4phO13wgGLhfWmt3-pOCgQmTJ934DuN_MIPqXOfGJ_nPJXSA9zOeq=w2016-h1512-k-no","7","YEeoaaLSGLvcptQPrO6x0A4","","","/g/1tl7mdwq","3.4","516","Poznan, Polska","biuro rachunkowe","",,,,,,"","Open","Szelągowska 25/2-3","2026-03-04 15:53:21.136521",,,,,,,,,"https://google.com/maps?cid=6727799397650677027","https://cuf-podatki.pl",,,,,,,,,,,,,"61-626"
"Wheelchair accessible entrance",,,,,,,,,,,,,,,"Kutrzeby 16G/133, 61-719 Poznań, Poland","Accountant","Accounting firm","Bookkeeping service",,,,,,,"10589796410946345858","Poznań","PL","us","United States","71","0x47045b4f61792831:0x92f683ba8629db82","Yes","en","English","52.416903899999994","","16.9303047","bras7.pl Biuro Rachunkowe","Stare Miasto","90","61 852 00 77","+48 61 852 00 77","https://lh3.googleusercontent.com/gps-cs-s/AHVAwerQuGBPVNpPNo-cqZMnVx_9AwKRdcoKE51S9KSrDvkxF0PngveBDimXOWvKlPA9fvlh44GijPYQjJ2V89IMcN87nUQdFW4JpmPr4sAyS5u4YlT9gCxxb0vWVRfOus7sGiaULmJQ=w5760-h3840-k-no","11","YEeoaaLSGLvcptQPrO6x0A4","","","/g/1hc79c05c","4.1","14","Poznan, Polska","biuro rachunkowe","",,,,,,"","Open","Kutrzeby 16G/133","2026-03-04 15:53:21.136535","info@marketing-agency.com","help@skims.com",,,,,,,"https://google.com/maps?cid=10589796410946345858","https://bras7.pl","biurobras@wp.pl","biuro.rachunkowe.sniatkowski@bras7.pl",,,,,,,,,,,"61-719"
,,,,,,,,,,,,,,,"Wszystkich Świętych 5/4, 61-843 Poznań, Poland","Accounting firm","Credit counseling service","Attorney","Tax consultant",,,,,,"15712518596389624359","Poznań","PL","us","United States","72","0x47045b3f35922865:0xda0e146a3885da27","Yes","en","English","52.4057533","","16.9380234","Kancelaria Laurus sp. z o.o.","Stare Miasto","91","61 852 36 97","+48 61 852 36 97","https://lh3.googleusercontent.com/gps-cs-s/AHVAwercm9OojcvdaBDw-hCJSS50wr0cstlh0zvX5Ir9kN_wRYsPd34e0QQF5T7e-dyzB9rzt_vaq8bRiBxvnEu9YOxo76-pooLuksJ8d7OrjbrlUWXYssxVCTMalcSqAE5HUcgTwLKQ=w4211-h2788-k-no","2","YEeoaaLSGLvcptQPrO6x0A4","","","/g/11gzt7m94","5","97","Poznan, Polska","biuro rachunkowe","",,,,,,"","Open","Wszystkich Świętych 5/4","2026-03-04 15:53:21.136547","tversosky@lauruslabs.com",,,,,,,,"https://google.com/maps?cid=15712518596389624359","https://laurus.poznan.pl","biuro@laurus.poznan.pl",,,,,,,,,,,,"61-843"
"Wheelchair accessible entrance",,,,,"Transgender safespace","LGBTQ+ friendly",,"Free parking lot","On-site parking",,"Appointment required","Appointments recommended","Onsite services","Online appointments","Bosa 4/6/lok. 24, 60-125 Poznań, Poland","Chartered accountant","Accountant","Accounting firm","Bookkeeping service","Business development service","Business to business service","Tax consultant",,,"11738962848978879838","Poznań","PL","us","United States","73","0x4704452dc6d56859:0xa2e92c83f4e4c55e","Yes","en","English","52.3839998","","16.8879537","Kancelaria Gospodarcza Szatkowscy i Wspólnicy Sp. z o.o.","Grunwald","92","61 663 32 27","+48 61 663 32 27","https://lh3.googleusercontent.com/gps-cs-s/AHVAwep44aUDk10ot_HaStlA_eiwSzHC8nyoSJMO7UJOpaoruy2OPexDXABKI2u-W1Lx9v2QKrzajwW6qCWK7GfEVBSAMHJXTmCtIfk8isWT00MAchDtNWUFaBOdZQvmvYQvxWIIoedpAg=w8112-h5408-k-no","49","YEeoaaLSGLvcptQPrO6x0A4","","","/g/11bwyll11l","4.9","31","Poznan, Polska","biuro rachunkowe","","https://www.facebook.com/sharer/sharer.php?u=https://kancelariagospodarcza.pl/blog/kiedy-i-jak-mozna-odliczyc-koszty-uzyskania-przychodu-praktyczny-przewodnik-dla-przedsiebiorcow/","https://www.instagram.com/kancelaria_gospodarcza/","https://www.linkedin.com/sharearticle?url=https://kancelariagospodarcza.pl/blog/kiedy-i-jak-mozna-odliczyc-koszty-uzyskania-przychodu-praktyczny-przewodnik-dla-przedsiebiorcow/","https://twitter.com/intent/tweet?text=https://kancelariagospodarcza.pl/blog/kiedy-i-jak-mozna-odliczyc-koszty-uzyskania-przychodu-praktyczny-przewodnik-dla-przedsiebiorcow/","https://www.youtube.com/channel/uckxut-mxa1u6to0d3our-ka","","Open","Bosa 4/6/lok. 24","2026-03-04 15:53:21.136567","kancelaria.adwokacka@prokonto.pl","kancelaria@kancelariafk.pl","kontakt@grupafarkas.pl","biuro@kgfinanse.pl","kancelaria@egida.biz.pl",,,,"https://google.com/maps?cid=11738962848978879838","https://kancelariagospodarcza.pl",,,,,,,,,,,,,"60-125"
,,,,,,,,,,,,,,,"Bożeny 26A, 61-053 Poznań, Poland","Bookkeeping service",,,,,,,,,"5376695761851383354","Poznań","PL","us","United States","74","0x47045b9d31c7b0cb:0x4a9ddc4ef67ffe3a","Yes","en","English","52.4088443","","17.0050749","Libra Biuro Rachunkowe","Nowe Miasto","93","696 111 610","+48 696 111 610","https://lh3.googleusercontent.com/gps-cs-s/AHVAweqpSy4BcW2D64HuVZDgIzPWhvC6Evv3rWXuUQhE5QyAAXmHqGZuHHxHAVZ1q61Zo24QG8lO5QrONrF6sxoHIlVHpJeEOve4VNsso5Ky1Rg5EVRhgVlmA4YtBF0u6OiavO6Q6nr4hfYr-sA=w1080-h406-k-no","2","YEeoaaLSGLvcptQPrO6x0A4","","","/g/11rjz74gn4","5","5","Poznan, Polska","biuro rachunkowe","",,,,,,"","Open","Bożeny 26A","2026-03-04 15:53:21.136579","kontakt@libra.ibuk.pl","librafilimowicz@wp.pl","info@longint.pl","maralb@interia.pl","iod@epwn.pl",,,,"https://google.com/maps?cid=5376695761851383354","https://librabiuro.pl",,,,,,,,,,,,,"61-053"
,,,,,,,,,,,,,,,"Główna 30A, 61-007 Poznań, Poland","Accountant",,,,,,,,,"5458178420371208050","Poznań","PL","us","United States","75","0x47045bad16d3f745:0x4bbf585acaedb772","Yes","en","English","52.4200351","","16.9695485","Biuro Rachunkowe Income Tax Weronika Gręda","Nowe Miasto","94","574 799 944","+48 574 799 944","https://streetviewpixels-pa.googleapis.com/v1/thumbnail?panoid=cqrrmvfbODKX6xm36TUGNw&cb_client=search.gws-prod.gps&w=80&h=92&yaw=28.72547&pitch=0&thumbfov=100","1","YEeoaaLSGLvcptQPrO6x0A4","","","/g/11h5nrggqj","5","4","Poznan, Polska","biuro rachunkowe","","https://pl-pl.facebook.com/",,,,,"","Open","Główna 30A","2026-03-04 15:53:21.136590","press@fb.com","records@fb.com","support@fb.com","platformcs@support.facebook.com",,,,,"https://google.com/maps?cid=5458178420371208050","https://pl-pl.facebook.com",,,,,,,,,,,,,"61-007"
,,,,,"Transgender safespace","LGBTQ+ friendly","Identifies as women-owned",,,,,,"Onsite services","Online appointments","Plac Nowy Rynek 3, 62-002 Suchy Las, Poland","Accountant","Bookkeeping service","Tax attorney","Tax preparation",,,,,,"16615689194919598858","Suchy Las","PL","us","United States","76","0x470443a914a13b7f:0xe696c94a017a9b0a","Yes","en","English","52.474997599999995","","16.8800041","Biuro Rachunkowe Aneta Milewska- Kozłowska Księgowość Usługi Księgowe","","95","500 182 379","+48 500 182 379","https://lh3.googleusercontent.com/gps-cs-s/AHVAweqOMji5mgjhn1Gn99CTCl5buTu5rIAgBj3mQrKuF5BO5hZql0AIPQwpZfaUh8KheESdKVFLoJZ1kP-9u677sCbx2FE0T5DSYUb87xVlsQBisIsA_SFOa2WJ9KuOHrDOcJG2bLZ8WmoPaeWL=w1000-h668-k-no","8","YEeoaaLSGLvcptQPrO6x0A4","","","/g/11c5_75ss5","4.7","60","Poznan, Polska","biuro rachunkowe","",,,,,,"","Open","Plac Nowy Rynek 3","2026-03-04 15:53:21.136610","biuro@biuro-account.pl","biuro@mwbiuro.pl","biuro@kancelaria-adwokacka-warszawa.pl","biuro@codex24.pl","agnieszka.milewska@codex24.pl","kontakt@biurorada.pl",,,"https://google.com/maps?cid=16615689194919598858","https://biurorachunkowemilewska.pl","info@biurorachunkowemilewska.pl",,,,,,,,,,,,"62-002"
"Wheelchair accessible entrance","Wheelchair accessible parking lot",,,,,,,,,,,,,,"Marcelińska 90, 60-324 Poznań, Poland","Accounting firm","Business development service","Business management consultant","Business to business service","Payroll service","Tax consultant","Tax preparation",,,"12310467758840988118","Poznań","PL","us","United States","77","0x470444e686cd4dcf:0xaad79133f89dc1d6","Yes","en","English","52.4042032","","16.865797699999998","Biuro Prawno-Rachunkowe Maciej Skorupiński","Grunwald","96","61 865 70 54","+48 61 865 70 54","https://lh3.googleusercontent.com/gps-cs-s/AHVAweoSxo3peueYaAILnEozCd2-lV22ULp2JgwssKUWlcgLhTz_Zy0osS9K693DuNh7DeLZ4Fpftbo-RYWMRXRpJBzGfMRqASOs6zr3qKaJP1tYu2ABk-5__mkAPSXboSd0fgn5A7Wb=w2000-h1333-k-no","14","YEeoaaLSGLvcptQPrO6x0A4","","","/g/1tph0fj8","4.1","17","Poznan, Polska","biuro rachunkowe","",,,,,,"","Open","Marcelińska 90","2026-03-04 15:53:21.136627",,,,,,,,,"https://google.com/maps?cid=12310467758840988118","https://skorupinski.pl",,,,,,,,,,,,,"60-324"
,,,,,,,,,,,,,,,"28 Czerwca 1956 r. 231/239, 61-485 Poznań, Poland","Accountant","Accounting firm","Bookkeeping service","Business management consultant","Financial planner",,,,,"12310662368223263695","Poznań","PL","us","United States","78","0x47045adac71f3d2b:0xaad84232ffb77bcf","Yes","en","English","52.3798313","","16.9097248","Biuro rachunkowe Pro Progress","Wilda, Poznań","97","61 833 33 92","+48 61 833 33 92","https://lh3.googleusercontent.com/gps-cs-s/AHVAweofZpUB3ns7-5vBZk0TSIXkxJv2nnTLYfAje7Lg1cO1LDWbIb31kZ5VA6Ew9mBkpug8xxJsiz8zqZwmahDS6-pPKur-KoydPON7hdfAXB-pIFbKbs2Z0b8fBtzordZzKsSduZg=w2121-h1414-k-no","27","YEeoaaLSGLvcptQPrO6x0A4","","","/g/1ptxkrsq8","5","3","Poznan, Polska","biuro rachunkowe","",,,,,,"","Open","28 Czerwca 1956 r. 231/239","2026-03-04 15:53:21.136642",,,,,,,,,"https://google.com/maps?cid=12310662368223263695","https://proprogress.pl",,,,,,,,,,,,,"61-485"
,,,,,,,,,,,,,,,"Ściegiennego 137, 60-304 Poznań, Poland","Accountant","Accounting firm","Attorney","Tax consultant","Tax preparation",,,,,"15918224127740927815","Poznań","PL","us","United States","79","0x4704452e8b96a2d3:0xdce8e4817d0cdf47","Yes","en","English","52.395687699999996","","16.8654937","Nowypit.pl Biuro Prawno Rachunkowe","Grunwald","98","690 299 277","+48 690 299 277","https://lh3.googleusercontent.com/gps-cs-s/AHVAwequnhNRuru5RI3JUXTwahceFhoZaeWOtVywfoUq8-Yfo8XRhfRMTWoB6-NZmv22MRJAY_sKin0v6qiiRoSo49wKzjGWa-KS_EARI2evTt-yK2lbKOEdU3x4uCq_fiQEPF7j_GAEDw=w1920-h960-k-no","9","YEeoaaLSGLvcptQPrO6x0A4","","","/g/11sqchz6v_","4.7","13","Poznan, Polska","biuro rachunkowe","",,,,,,"","Open","Ściegiennego 137","2026-03-04 15:53:21.136672",,,,,,,,,"https://google.com/maps?cid=15918224127740927815","https://nowypit.pl",,,,,,,,,,,,,"60-304"
,,,,,,,,,,,"Appointment required",,"Onsite services","Online appointments","Engeströma 4/3, 60-571 Poznań, Poland","Accountant","Accounting firm","Bookkeeping service","Tax preparation",,,,,,"8955969307115227465","Poznań","PL","us","United States","80","0x4704451fe7f8d36f:0x7c49fea251e78949","Yes","en","English","52.415338399999996","","16.8882414","Jan Pietrzak - Księgowy na 6","Jeżyce, Poznań","99","","","https://streetviewpixels-pa.googleapis.com/v1/thumbnail?panoid=0UDnqUjVFzfeVK3MQQCegg&cb_client=search.gws-prod.gps&w=80&h=92&yaw=18.323622&pitch=0&thumbfov=100","1","YEeoaaLSGLvcptQPrO6x0A4","","","/g/11k9drgp9m","5","6","Poznan, Polska","biuro rachunkowe","",,,,,,"","Open","Engeströma 4/3","2026-03-04 15:53:21.136687",,,,,,,,,"https://google.com/maps?cid=8955969307115227465","https://ksiegowyna6.pl",,,,,,,,,,,,,"60-571"
,,,,,,,"Identifies as women-owned",,,,,,,,"Malwowa 12, 60-175 Poznań, Poland","Accounting firm",,,,,,,,,"11397019591600008320","Poznań","PL","us","United States","81","0x470445d1af8c1099:0x9e2a58ef3f7c6c80","Yes","en","English","52.3837519","","16.8298642","Biuro Rachunkowe MK-BILANS","Grunwald","60","723 263 000","+48 723 263 000","https://lh3.googleusercontent.com/gps-cs-s/AHVAwepxxolCciiFyg6Ni3wh2hKWgDNQtHHuTSgDApvR8OoHZTfzrJw3mge7l_pah7dt7UGhGM45a49LFvpU3P1sySlqZQ_A1V7BzyK5McDZ8DkvmIQdQIF4oZkXnOlfCAcjbGqFuyCn003gzUjB=w4030-h3022-k-no","11","YEeoaYLjGJndptQPnKvAoAM","","","/g/11sszby2__","5","8","Poznan, Polska","biuro rachunkowe","",,,,,,"","Open","Malwowa 12","2026-03-04 15:53:21.139990",,,,,,,,,"https://google.com/maps?cid=11397019591600008320","",,,,,,,,,,,,,"60-175"
"Wheelchair accessible entrance",,,,,,,,,,,"Appointment required",,"Onsite services","Online appointments","Jaworowa 47/3, 61-453 Poznań, Poland","Bookkeeping service",,,,,,,,,"8855418582831201794","Poznań","PL","us","United States","82","0x470445361c2b7e5b:0x7ae4c448770bfe02","Yes","en","English","52.368575899999996","","16.905257499999998","Biuro Rachunkowe Atoran","Wilda, Poznań","61","502 546 806","+48 502 546 806","https://lh3.googleusercontent.com/gps-cs-s/AHVAwerANDAIzr37wmdKlB8UnsqK6CrPEaxKAC5yGVD5f9LhbCyat3jbnZQgWPMFusuqKIYH5PM_trCahrz_qZXkD8spFeSaeRdEskD2IyQO095soTR7uByGqCbxCmHw0uoUkED7Y_jKkaEOm-GA=w1200-h800-k-no","19","YEeoaYLjGJndptQPnKvAoAM","","","/g/1pty7l0j1","4.7","12","Poznan, Polska","biuro rachunkowe","","https://www.facebook.com/profile.php?id=61576894697334",,,,"https://www.youtube.com/embed/geivl0_hb_a","","Open","Jaworowa 47/3","2026-03-04 15:53:21.140046","info@accelercomm.com","liberkowska@atoran.pl","care@1mg.com",,,,,,"https://google.com/maps?cid=8855418582831201794","https://atoran.pl",,,,,,,,,,,,,"61-453"
,,,,,,,,,,,,,,,"Pamiątkowa 2, 61-512 Poznań, Poland","Accountant",,,,,,,,,"14027134451144605524","Poznań","PL","us","United States","83","0x47045bb9e2fe8371:0xc2aa6476e11e3f54","Yes","en","English","52.386457799999995","","16.9128141","TaxShield Biuro Rachunkowe Online","Wilda, Poznań","62","531 331 479","+48 531 331 479","https://lh3.googleusercontent.com/gps-cs-s/AHVAweo2MskIfRjN0lyagFm6INSjyplCv1I6yDmzVTKpoOBXmlhGBlTQi6HCXRTShI3GsuVq2AV-8rdGNWtTXPQzIhDswD9CdGXczpho029LzRY0RrYjLfRDNhHlU6N21nhxznwWuhw5fg=w4624-h3472-k-no","8","YEeoaYLjGJndptQPnKvAoAM","","","/g/11h1lh_w66","4.8","152","Poznan, Polska","biuro rachunkowe","",,,,,,"","Open","Pamiątkowa 2","2026-03-04 15:53:21.140064","biuro@taxshield.pl","dev.taxshield@gmail.com",,,,,,,"https://google.com/maps?cid=14027134451144605524","https://taxshield.pl",,,,,,,,,,,,,"61-512"
,,,,,,,,,,,,,"Onsite services",,"Droga Dębińska 13/9, 61-555 Poznań, Poland","Accountant","Accounting firm","Bookkeeping service","Tax preparation","Tax preparation service",,,,,"7022313609937198748","Poznań","PL","us","United States","84","0x47045b8e96cb5f55:0x61744505bdb29e9c","Yes","en","English","52.396679","","16.9345499","Biuro Rachunkowe Clear Finance Sp. z o.o.","Wilda, Poznań","63","533 854 335","+48 533 854 335","https://lh3.googleusercontent.com/gps-cs-s/AHVAweoMeSOlqvvXn6gp7_q2eCWKMOpaqinSK-oQ8ElTPiNT9oqEKsCnZGioKbJLQ56TrVxzHkRssndZck2nTW7SAk2p3T_d2eh8wAN0-YK_30iVBuiG8jrfCQV5BLds7EXaia8bSBHw=w824-h550-k-no","6","YEeoaYLjGJndptQPnKvAoAM","","","/g/11jr9jpl76","5","7","Poznan, Polska","biuro rachunkowe","",,,,,,"","Open","Droga Dębińska 13/9","2026-03-04 15:53:21.140081",,,,,,,,,"https://google.com/maps?cid=7022313609937198748","https://clearfinance.com.pl",,,,,,,,,,,,,"61-555"
,,,,,,,,,,,,,,,"Święty Marcin 80/82/355, 61-809 Poznań, Poland","Bookkeeping service",,,,,,,,,"2489099504004134980","Poznań","PL","us","United States","85","0x47045bec0d6fa529:0x228b0ecfa2c47844","Yes","en","English","52.407941099999995","","16.9185578","Biuro Rachunkowe Capital Sp. z o. o.","Stare Miasto","64","61 865 35 20","+48 61 865 35 20","https://lh3.googleusercontent.com/gps-cs-s/AHVAwepTBQOf0-phmrfvC9O0clt-IXIk0f6Y27acbX6oSbA3aJUAvETmm3xU1lCbUfyf15ouDAwK3C9NHPqiPLeQ_fY_0L4AwCjTHgTVTF8CU66kIaiGpQt3bzYuJvmb8F0WhPJN2mOm=w4032-h3024-k-no","4","YEeoaYLjGJndptQPnKvAoAM","","","/g/11v9y06lhg","5","4","Poznan, Polska","biuro rachunkowe","",,,,,,"","Open","Święty Marcin 80/82/355","2026-03-04 15:53:21.140095",,,,,,,,,"https://google.com/maps?cid=2489099504004134980","https://br-capital.pl",,,,,,,,,,,,,"61-809"
,,,,,,,,,,,,,,,"Emilii Sczanieckiej 2/6, 60-216 Poznań, Poland","Bookkeeping service","Accounting firm","Chartered accountant",,,,,,,"14531077399950839859","Poznań","PL","us","United States","86","0x470444d51c4482d1:0xc9a8c1e803c6d033","Yes","en","English","52.394101","","16.897585499999998","Biuro Rachunkowe Elżbieta Wawrzyniak","Grunwald","65","61 222 59 82","+48 61 222 59 82","https://lh3.googleusercontent.com/gps-cs-s/AHVAwerQdzEbbQEACLsXdFtJ9CUtgT1r11yUAtv2QM5JNI_IHek1IHU6oASOCZGMj0pAFFDdOAYJQ7d2MFBCGpcA5YmAjF0k_6tm-QlNqwNCzdM79Xkn-Agc2NdMYugSLAaEht0qAGpVDw=w956-h1024-k-no","8","YEeoaYLjGJndptQPnKvAoAM","","","/g/11c5sv643y","5","2","Poznan, Polska","biuro rachunkowe","",,,,,,"","Open","Emilii Sczanieckiej 2/6","2026-03-04 15:53:21.140109","office@wawrzyniakbiuro.pl","wawrzynr@wp.pl","biuro11@onet.pl","bozenawawrzyniak360@wp.pl",,,,,"https://google.com/maps?cid=14531077399950839859","https://wawrzyniakbiuro.pl",,,,,,,,,,,,,"60-216"
,,,,,,,,,,,,,,,"Osiedle Orła Białego 100, 61-251 Poznań, Poland","Accounting firm",,,,,,,,,"4465578335592989817","Poznań","PL","us","United States","87","0x47045be2fcbc0265:0x3df8ebd629b34479","Yes","en","English","52.3828606","","16.9701314","Md Biuro Rachunkowe Małgorzata Dudziak","Nowe Miasto","66","666 166 136","+48 666 166 136","https://lh3.googleusercontent.com/gps-cs-s/AHVAweqMcPl9v6dxhR3y9P2YMj_yYyrcKG4BhQliSD92KM2mPlWOgRFk0KbXKuAtlCOOROPSc2MBvUVzXbQi_1CzcwG566IRyjfqHteXRJP0MknRVIU2we1NG_1rFI4S_sPSHrtfJXex=w4000-h2250-k-no","3","YEeoaYLjGJndptQPnKvAoAM","","","/g/11t87k2138","5","8","Poznan, Polska","biuro rachunkowe","",,,,,,"","Open","Osiedle Orła Białego 100","2026-03-04 15:53:21.140122","office@dxn2u.com",,,,,,,,"https://google.com/maps?cid=4465578335592989817","https://md-biurorachunkowe.com","items.malgorzata@md-biurorachunkowe.com","malgorzata@md-biurorachunkowe.com",,,,,,,,,,,"61-251"
,,,,,,,,,,,,,,,"Jana Kochanowskiego 24/lok. 1, 60-846 Poznań, Poland","Accountant","Accounting firm","Bookkeeping service",,,,,,,"7706010058801513379","Poznań","PL","us","United States","88","0x4704455b895b10e3:0x6af13f51fe7383a3","Yes","en","English","52.4143154","","16.9112439","Biuro Rachunkowe CONSULTING-TAX sp. z o.o.","Jeżyce, Poznań","67","502 410 831","+48 502 410 831","https://lh3.googleusercontent.com/gps-cs-s/AHVAwepYO7mc8LIuPdfyX7IWt81NQdWi7isDPtEVSh7raVvJjSzHOrNf2FM4leI9q8onqxScA4PHw3cwuxVEP3ntWku0JiKtVFMBxD2zLdjQNpeRsC_PQFk6CJroC39JmOt5JNQgws5cmddMkE4=w1000-h1000-k-no","5","YEeoaYLjGJndptQPnKvAoAM","","","/g/11glwvmxxl","5","10","Poznan, Polska","biuro rachunkowe","",,,,,,"","Open","Jana Kochanowskiego 24/lok. 1","2026-03-04 15:53:21.140134",,,,,,,,,"https://google.com/maps?cid=7706010058801513379","https://consulting-tax.com",,,,,,,,,,,,,"60-846"
,,,,,,,,,,,,,,,"Tadeusza Kościuszki 101a/1, 61-717 Poznań, Poland","Accountant","Accounting firm","Bookkeeping service","Tax preparation",,,,,,"102317884719681418","Poznań","PL","us","United States","89","0x47045b4b47dc3e9d:0x16b8192f4e2cf8a","Yes","en","English","52.411771099999996","","16.921104","Ankrys Usługi Księgowo-Podatkowe Katarzyna Farbisz Małgorzata Kozłowska","Stare Miasto","68","607 407 106","+48 607 407 106","https://lh3.googleusercontent.com/gps-cs-s/AHVAwermOLt9MBzA9jDmUADvqS2qROnY9l5caczS1DUHFl0rN4VET7mKAx-aSnAMJC-VIE64kQlyEns0RfnzlCTU10duv0jZf-MidV5bP7Cct-GDko-zboeDkU79Khk78UM5kdCpdaNgDw=w509-h339-k-no","10","YEeoaYLjGJndptQPnKvAoAM","","","/g/11txy3_t61","5","8","Poznan, Polska","biuro rachunkowe","",,,,,,"","Open","Tadeusza Kościuszki 101a/1","2026-03-04 15:53:21.140146",,,,,,,,,"https://google.com/maps?cid=102317884719681418","https://ankrysbiuro.pl",,,,,,,,,,,,,"61-717"
,,,,,,,,,,,,,,,"Wilanowska 70, 60-688 Poznań, Poland","Bookkeeping service","Accountant","Accounting firm","Financial consultant","Financial planner","Tax preparation","Tax preparation service",,,"13257233173214351380","Poznań","PL","us","United States","90","0x47044316c32e20c1:0xb7fb2754c9f75014","Yes","en","English","52.461050799999995","","16.9032575","Biuro Rachunkowe GAMA Izabela Mitkowska","Stare Miasto","69","61 828 19 22","+48 61 828 19 22","https://lh3.googleusercontent.com/gps-cs-s/AHVAwerrpXXxen2T0B0GmvS9PQ7Xo7FmPzSOvg7AoVg5ZWDIim5w95my51yRH5zNEzNec_XS_0hSKWsTBz10zlFeSXId9PyWEtXxBp1FOk5NaXtRUCzR1oqFO6RmEFXrfseJiqpwYIFw=w2119-h1415-k-no","7","YEeoaYLjGJndptQPnKvAoAM","","","/g/1vr3bwhv","4.3","11","Poznan, Polska","biuro rachunkowe","",,,,,,"","Open","Wilanowska 70","2026-03-04 15:53:21.140159","khandzlik@wp.pl","biurorachunkowe.gamasc@gmail.com","info@okredo.ltpaslaugos","biurogama@tlen.pl",,,,,"https://google.com/maps?cid=13257233173214351380","https://gama-rachunkowosc.pl","biuro@gama-rachunkowosc.pl",,,,,,,,,,,,"60-688"
,,,,,,,,,,,"Appointment required",,"Onsite services","Online appointments","Katowicka 65B, 61-131 Poznań, Poland","Bookkeeping service",,,,,,,,,"15711122756885368616","Poznań","PL","us","United States","91","0x47045be0fad23879:0xda091ee802b54f28","Yes","en","English","52.3967666","","16.9648462","Biuro Rachunkowe SODELIS","Nowe Miasto","70","733 826 862","+48 733 826 862","https://lh3.googleusercontent.com/gps-cs-s/AHVAweqYo6hWad0-l2jxVTRWXGEEHZvPxPYjQxXUnU7BBvw1LjrUcdWYEU2TWPvMa7wO3OW-JW_yAAIXrjF1iz3gU96V8jcWRtpaz4VmEtm6yNYrTxl3UW5hXuuHJSfgFeNjbTM0sUeU=w4000-h3000-k-no","3","YEeoaYLjGJndptQPnKvAoAM","","","/g/11y3pcq1qk","5","7","Poznan, Polska","biuro rachunkowe","",,,,,,"","Open","Katowicka 65B","2026-03-04 15:53:21.140177",,,,,,,,,"https://google.com/maps?cid=15711122756885368616","https://sodelis.pl",,,,,,,,,,,,,"61-131"
,,,,,,,,,,,,,,,"Osiedle Bolesława Chrobrego 101/15, 60-681 Poznań, Poland","Tax preparation",,,,,,,,,"7893348230527264584","Poznań","PL","us","United States","92","0x4704433e56103bad:0x6d8ace6519092748","Yes","en","English","52.4583928","","16.912014199999998","IN PLUS TAX","Stare Miasto","71","603 491 688","+48 603 491 688","https://lh3.googleusercontent.com/gps-cs-s/AHVAweptqlhLjf1Q9k4naKMtJeApLDV36fzBico1E_sYLtmWC_A3ZmK7n6XAutAwt99eYYCTPBdo0UGxCd0JGCGmjie4vqD3D5qekJG4NJT6LnpjsQrL6wUi0KgIHnVWLyNoPwAaGVjg=w831-h748-k-no","3","YEeoaYLjGJndptQPnKvAoAM","","","/g/11bx891xg6","4.5","8","Poznan, Polska","biuro rachunkowe","",,,,,,"","Open","Osiedle Bolesława Chrobrego 101/15","2026-03-04 15:53:21.140191",,,,,,,,,"https://google.com/maps?cid=7893348230527264584","https://inplustax.pl",,,,,,,,,,,,,"60-681"
"Wheelchair accessible entrance",,,,,,,,,,,,,,,"osiedle Przyjaźni 137, 61-688 Poznań, Poland","Accounting firm",,,,,,,,,"11571839537182914381","Poznań","PL","us","United States","93","0x470444aab97aaaab:0xa0976ebfb39bb74d","Yes","en","English","52.431155499999996","","16.922325","Biuro Rachunkowe AD-plus","Stare Miasto","72","880 680 868","+48 880 680 868","https://lh3.googleusercontent.com/gps-cs-s/AHVAwer0BOLrSbkgWo6pg6FBGd1qvHJ2RLOBgwcDaZjpnCMu8OhSUa-PLHojOo0W8Bu1xrqhPewvyWdWemKhDPtEUHIRJQivuSqSNr5Btj5AJTE7xwbzCAuO9XDzQG1Y4wZdgXyrw4x4=w4032-h2268-k-no","2","YEeoaYLjGJndptQPnKvAoAM","","","/g/11fm16bpmp","4.6","9","Poznan, Polska","biuro rachunkowe","",,,,,,"","Open","osiedle Przyjaźni 137","2026-03-04 15:53:21.140203",,,,,,,,,"https://google.com/maps?cid=11571839537182914381","https://ad-plus.pl",,,,,,,,,,,,,"61-688"
,,,,,,,,"Free parking lot",,,,,"Onsite services","Online appointments","Feliksa Nowowiejskiego 39, 61-733 Poznań, Poland","Certified public accountant","Accountant","Accounting firm","Tax preparation",,,,,,"1057188283313328110","Poznań","PL","us","United States","94","0x470445735f55435d:0xeabe32477988fee","Yes","en","English","52.412084699999994","","16.9226901","Biuro Rachunkowe LMB Office","Stare Miasto","73","794 415 415","+48 794 415 415","https://lh3.googleusercontent.com/gps-cs-s/AHVAweoHMnETGXcqW9kmzfzwaUdg_nsd4zSfa1-CRrKyzusPOMb51z_391l5YOW4fuXbNRk8XRjxAHc_LWWgyl9D8Bt-B7Una44E76qq9kc7UnnZER9U3H1FPNu2tPF2w1p0RcZIMHBOMg=w2121-h1414-k-no","53","YEeoaYLjGJndptQPnKvAoAM","","","/g/11h2718pm3","5","2","Poznan, Polska","biuro rachunkowe","","https://www.facebook.com/biuro-rachunkowe-lmb-office-1448560125442050/",,,,,"","Open","Feliksa Nowowiejskiego 39","2026-03-04 15:53:21.140221","info@okredo.ltpaslaugos","beata.vib@gmail.com",,,,,,,"https://google.com/maps?cid=1057188283313328110","https://lmboffice.pl",,,,,,,,,,,,,"61-733"
,,,,,,,,,,,,,,,"Stanisława Barańczaka 3a/12, 60-537 Poznań, Poland","Accountant","Accounting firm","Bookkeeping service","Business to business service","Law firm","Tax consultant","Tax preparation",,,"9200391657400173452","Poznań","PL","us","United States","95","0x47044565b5512963:0x7fae5b7775ce038c","Yes","en","English","52.415647","","16.902502899999998","Biuro rachunkowe Infi","Jeżyce, Poznań","74","731 282 111","+48 731 282 111","https://lh3.googleusercontent.com/gps-cs-s/AHVAweoNEYZEPP1m7J4LfBlDuHlnoMi1hP29M6O9PHVX0XS33XRuYgG8i1Q3B7rpIF2Vr2v1c_gvin1Dkl2Ef3p7Zi5SKKsRdM0kYTWdVwhsHbMwPbgxfk5Lb6dJfoUnSRP1IB_yaDt_OA=w6016-h4016-k-no","5","YEeoaYLjGJndptQPnKvAoAM","","","/g/11fj9mtdf7","5","3","Poznan, Polska","biuro rachunkowe","",,,,,,"","Open","Stanisława Barańczaka 3a/12","2026-03-04 15:53:21.140232",,,,,,,,,"https://google.com/maps?cid=9200391657400173452","https://infi.com.pl",,,,,,,,,,,,,"60-537"
,,,,,,,,,,,,,"Onsite services","Online appointments","Głogowska 176, 60-126 Poznań, Poland","Bookkeeping service","Accountant","Accounting firm","Income tax help association","Tax preparation service",,,,,"113629807969075442","Poznań","PL","us","United States","96","0x4704452d6c3aa5e7:0x193b1b553e480f2","Yes","en","English","52.3838575","","16.8862152","Biuro Rachunkowe Poznań | Kancelaria Gospodarcza","Grunwald","75","732 252 164","+48 732 252 164","https://lh3.googleusercontent.com/gps-cs-s/AHVAwepcDVlPCcsN_bKRkMr0weWeCKtNDvfsJUbVR9WiE-TQkKKS7yrC8XztEvxBn0bXO6RFo8AzU4nPYZ28Fk4A05u0ZIx8a_QjLlXS2k6VKOOrn3YwKjZ9aNq5gog28Rn46PorES-9xQ=w4287-h2952-k-no","17","YEeoaYLjGJndptQPnKvAoAM","","","/g/11dxjn7nx4","4.5","8","Poznan, Polska","biuro rachunkowe","",,,,,,"","Open","Głogowska 176","2026-03-04 15:53:21.140252",,,,,,,,,"https://google.com/maps?cid=113629807969075442","https://kgjk.eu",,,,,,,,,,,,,"60-126"
,,,,,,,,,,,,,,,"Andrzeja Sobczaka 1/216, 61-001 Poznań, Poland","Accountant","Accounting firm","Bookkeeping service","Tax preparation",,,,,,"7421734754378944825","Poznań","PL","us","United States","97","0x47045b79d9739775:0x66ff4c6fe3ed9139","Yes","en","English","52.3972084","","16.959087","Biuro Rachunkowe B&B I Бухгалтерия","Nowe Miasto","76","514 018 884","+48 514 018 884","https://lh3.googleusercontent.com/gps-cs-s/AHVAwerkTUOOCMtit4aKoQQ5CeLyetOErQiMORo5p1E3x7y36MphGW73Erprcc4vGpHGNdyhl5vof9qFMlI-EwRjFJbH7oWtT-NA2-d_u2nT7nF49R0w9ibT2kHR1v9HiMbNVw67f3dg=w2121-h1414-k-no","15","YEeoaYLjGJndptQPnKvAoAM","","","/g/11nmrpx0jq","4","8","Poznan, Polska","biuro rachunkowe","",,,,,,"","Open","Andrzeja Sobczaka 1/216","2026-03-04 15:53:21.140263",,,,,,,,,"https://google.com/maps?cid=7421734754378944825","https://biuro-bb.pl",,,,,,,,,,,,,"61-001"
,,,,,,,,,,,,,,,"Składowa 5B, 61-888 Poznań, Poland","Accounting firm",,,,,,,,,"9690600534279627676","Poznań","PL","us","United States","98","0x47045bc61a9c372d:0x867bedd7c9f2a39c","Yes","en","English","52.405685999999996","","16.91535","Biuro Rachunkowe Poznań","Stare Miasto","77","609 776 899","+48 609 776 899","https://streetviewpixels-pa.googleapis.com/v1/thumbnail?panoid=7Z6rzLRdvMhfweqZV5UXTA&cb_client=search.gws-prod.gps&w=80&h=92&yaw=342.28064&pitch=0&thumbfov=100","1","YEeoaYLjGJndptQPnKvAoAM","","","/g/11s5zdh427",,"0","Poznan, Polska","biuro rachunkowe","",,,,,,"","Open","Składowa 5B","2026-03-04 15:53:21.140276",,,,,,,,,"https://google.com/maps?cid=9690600534279627676","https://biurorachunkowepoznan.org",,,,,,,,,,,,,"61-888"
,,,,,,,,,,,,,,,"Węgorka 20/lok. 5, 60-318 Poznań, Poland","Accountant","Accounting firm","Law firm","Attorney","Tax attorney",,,,,"3209104135270595242","Poznań","PL","us","United States","99","0x47045b40c8892e6d:0x2c8907355e0a7aaa","Yes","en","English","52.3932211","","16.8579123","Pietkun Kancelaria Rachunkowa","Grunwald","78","518 607 207","+48 518 607 207","https://lh3.googleusercontent.com/gps-cs-s/AHVAweriOBVDczFqIVen4rFHcS5ZbnmVsv6KGG6s17OMJbYHOZznqILqAZf0RiF6bGtJzhFm-MBQHFA1m-gM8rXd4uvdPp7nmYEgCaeVLvTb9kebWo-UuS3zXTJUPqt5QOLy4SfEx0E=w3871-h2583-k-no","11","YEeoaYLjGJndptQPnKvAoAM","","","/g/11hdb1s8l2","4.6","33","Poznan, Polska","biuro rachunkowe","",,,,,,"","Open","Węgorka 20/lok. 5","2026-03-04 15:53:21.140289",,,,,,,,,"https://google.com/maps?cid=3209104135270595242","https://pietkunkancelaria.pl",,,,,,,,,,,,,"60-318"
"Wheelchair accessible entrance",,,,,,,,,,,,,,,"Włodarska 15, 61-625 Poznań, Poland","Accountant","Tax attorney",,,,,,,,"1540121478448550604","Poznań","PL","us","United States","100","0x47045ca85d30b4f9:0x155f9c5321e012cc","No","en","English","52.436851399999995","","16.9443457","Biuro Rachunkowe MM Accounting Sp. z o.o.","Stare Miasto","79","515 938 021","+48 515 938 021","https://lh3.googleusercontent.com/gps-cs-s/AHVAwerMxhsPzSz9r5LDzsNd7_eIAa9ny3RI-6Un3Rn8tybpsxl2N8qcEez-tn5SLjwcBJ9uShNCJHGaQcIgf66-FDV3r2KB1vVSdU4lN-_mlR0qwDquj1Iwd9aMS6wMxLjw_lHv2Ig=w4032-h2268-k-no","2","YEeoaYLjGJndptQPnKvAoAM","","","/g/1wj_rznk","5","3","Poznan, Polska","biuro rachunkowe","",,,,,,"","Open","Włodarska 15","2026-03-04 15:53:21.140304",,,,,,,,,"https://google.com/maps?cid=1540121478448550604","https://mm-accounting.pl","biuro@mm-accounting.pl",,,,,,,,,,,,"61-625"
