imie,strona,kept_email,removed_unverified_email,pages_scanned
ASCS-Consulting Biuro Rachunkowe,https://ascs-consulting.pl,,biuro@ascs-consulting.pl,1
Biuro Rachunkowe Stefańska Anna,https://biurorachunkowe-stefanska.pl,annast@op.pl,anna.stefanska.biuro@gmail.com,20
FakturTax biuro rachunkowe Poznań,https://fakturtax.pl,kontakt@fakturtax.pl,filip@fakturtax.pl,30
Biuro Rachunkowe MS Monika Stefaniak Poznań,https://biurorachunkowems.pl,,m.sienkowska@wp.pl,23
Księgowy EXPERT,https://ksiegowyexpert.pl,,biuro@ksiegowyexpert.pl,23
PG Partner Gospodarczy | Poznań,https://partner-gospodarczy.pl,bilans@partner-gospodarczy.pl | zapytania@partner-gospodarczy.pl,gdansk@partner-gospodarczy.pl | katowice@partner-gospodarczy.pl | krakow@partner-gospodarczy.pl | lodz@partner-gospodarczy.pl | poznan@partner-gospodarczy.pl,30
AKAMA Dorota Wysocka,https://wysocka-biuro-rachunkowe.pl,,aga.wysocka@poczta.onet.pl,5
Profit. Biuro rachunkowe,https://profitrachunki.pl,,biuro@profitrachunki.pl,0
Libra Biuro Rachunkowe,https://librabiuro.pl,,librafilimowicz@wp.pl | maralb@interia.pl,1
Biuro Rachunkowe Atoran,https://atoran.pl,,liberkowska@atoran.pl,30
Md Biuro Rachunkowe Małgorzata Dudziak,https://md-biurorachunkowe.com,malgorzata@md-biurorachunkowe.com,items.malgorzata@md-biurorachunkowe.com,1
Biuro Rachunkowe CONSULTING-TAX sp. z o.o.,https://consulting-tax.com,,biuro@consulting-tax.com,30
Biuro Rachunkowe LMB Office,https://lmboffice.pl,,beata.vib@gmail.com,30
Centrum Usług Rachunkowych - Anna Kuźniarek,https://centrumrachunkowe.poznan.pl,,biuro@centrumrachunkowe.poznan.pl,0
inFakt,https://infakt.pl,,info@infakt.pl | mobile@infakt.pl,0
Ferma Cyfr,https://fermacyfr.pl,,fermacyfr@fermacyfr.pl,1
Maria Lipka,https://fachowaksiegowa.pl,,biuro@fachowaksiegowa.pl,1
