imie,strona
"Biura Rachunkowe: Kryzysowa księgowa i wspólnicy, Malwowa, Księgowa z polecenia, Netto czy Brutto, Esperto-JG",https://kryzysowa-ksiegowa.pl
Zmarz Jolanta. Biuro rachunkowe,https://zmarz.poznan.pl
Biuro rachunkowe ATP,https://atpksiegowosc.pl
Taxeo Accounting Office Poznań - Accounting Poznań,https://gdansk.taxeo.pl
BIURO RACHUNKOWE DM SP. Z OO,
SmcTax,https://smctax.pl
KANCELARIA RACHUNKOWA KMN PRESTIGE SPÓŁKA Z OGRANICZONĄ ODPOWIEDZIALNOŚCIĄ,https://kmnprestige.pl
Hencel biuro rachunkowe Poznań,
"Biuro rozliczeń zagranicznych - zwrot podatku z zagranicy (Niemcy, Holandia, UK, Austria, Belgia)",https://cuf-podatki.pl
Biuro Rachunkowe MK-BILANS,
Ankrys Usługi Księgowo-Podatkowe Katarzyna Farbisz Małgorzata Kozłowska,https://ankrysbiuro.pl
Biuro Rachunkowe B&B I Бухгалтерия,https://biuro-bb.pl
Biuro Rachunkowe Poznań,https://biurorachunkowepoznan.org
AS KSIĘGOWOŚĆ SP. Z O.O.,
Polskie Centrum Rachunkowości - lider księgowości w Polsce,https://polskiecentrumrachunkowosci.pl
VESPA Biuro Rachunkowe,https://ksiegowepoznan.pl
Biuro Rachunkowe Kurdynowski Księgowość Poznań,https://kurdynowski.com.pl
Księgowość,
BIURO-NIX Usługi Księgowe Sp.z o.o.,https://biuro-nix.pl
