imie,strona,email,confidence,source
Kancelaria Rachunkowa Denarius Sp. z o.o.,https://denarius.com.pl,kancelaria@denarius.com.pl,high,https://denarius.com.pl/kontakt
Biuro Rachunkowe Poznań Jóźwicki & Partners,https://mjn-jozwicki.pl,kontakt@mjn-jozwicki.pl | mjozwicki@mjn-jozwicki.pl | kbartkowiak@mjn-jozwicki.pl | mlewandowska@mjn-jozwicki.pl | mwilczak@mjn-jozwicki.pl | dkrolak@mjn-jozwicki.pl | jkorcz@mjn-jozwicki.pl | tadamiec@mjn-jozwicki.pl | mjozwicka@mjn-jozwicki.pl,high,https://mjn-jozwicki.pl
AWM Zarządzanie Rachunkowością Spółka z o.o.,https://awmzr.pl,biuro@awmzr.pl,high,https://awmzr.pl
OPTIMUM - Accounting Office Poznan,https://optimumbiuro.com.pl,optimum@optimumbiuro.com.pl,high,https://optimumbiuro.com.pl
Kancelaria Podatkowa Andrzej Nowak Sp. z o.o.,https://anowak.com.pl,biuro@anowak.com.pl,high,https://anowak.com.pl
Biuro Rachunkowe Merito Poznań,https://biuromerito.pl,kontakt@biuromerito.pl,high,https://biuromerito.pl
Spectrum Biuro Rachunkowe,https://biuro-spectrum.pl,kontakt@biuro-spectrum.pl,high,https://biuro-spectrum.pl
Kancelaria Usług Księgowych Tyniec & Partnerzy,https://kancelariatyniec.pl,biuro@kancelariatyniec.pl,high,https://kancelariatyniec.pl
"Biuro Rachunkowe Poznań ""KZ""",https://brkz.pl,biuro@brkz.pl,high,https://brkz.pl
Biuro Rachunkowe Poznań 👑 Noblesse,https://noblesse.com.pl,biuro@noblesse.com.pl,high,https://noblesse.com.pl
Biuro Rachunkowe BRKM,https://brkm.com.pl,kontakt@brkm.com.pl,high,https://brkm.com.pl
AK-PLUS Biuro Rachunkowe Anna Klupczyńska,https://biurorachunkowe-poznan.eu,kontakt@biurorachunkowe-poznan.eu | biuro@biurorachunkowe-poznan.eu,high,https://biurorachunkowe-poznan.eu
Biuro Rachunkowe INFINITUM księgowość e-commerce,https://infinitum-biurorachunkowe.pl,biuro@infinitum-biurorachunkowe.pl,high,https://infinitum-biurorachunkowe.pl
Biuro Rachunkowe Wera,https://wera360.pl,jan@gmail.com,high,https://wera360.pl/o-nas/
Biuro rachunkowe Poznań Nowoczesne Systemy Finansowe,https://nsf.com.pl,lukasz.biernat@nsf.com.pl,high,https://nsf.com.pl
Sobieraj i Kuźmin Sp. z o.o. Biuro rachunkowe Poznań - KSIĘGOWOŚĆ | KADRY | DORADZTWO PODATKOWE,https://doradztwopodatkowe-sik.pl,biuro@doradztwopodatkowe-sik.pl,high,https://doradztwopodatkowe-sik.pl
Fineko. Accounting Poznan,https://fineko.com.pl,kancelaria@fineko.com.pl,high,https://fineko.com.pl
TaxCoach Sp. z o.o. Biuro rachunkowe - KSIĘGOWOŚĆ | KADRY | PODATKI | ZARZĄDZANIE FINANSAMI | KONSULTING FINANSOWY,https://taxcoach.pl,ksiegowosc@taxcoach.pl,high,https://taxcoach.pl
Mega Lex Corp.,https://megalex.pl,kontakt@megalex.pl,high,https://megalex.pl
Grakon Sp. z o. o.,https://grakon.com.pl,biuro@grakon.com.pl,high,https://grakon.com.pl
Biuro Rachunkowe PUnKT Sp. z o.o.,https://brpunkt.pl,biuro@brpunkt.pl,high,https://brpunkt.pl
Biuro Rachunkowe M-Team,https://m-team-biurorachunkowe.pl,kontakt@m-team-biurorachunkowe.pl,high,https://m-team-biurorachunkowe.pl
Biuro rachunkowe Adler,https://biuroadler.pl,info@biuroadler.pl,high,https://biuroadler.pl
Renata Pempera Biuro Rachunkowe,https://pempera.pl,biuro@pempera.pl,high,https://pempera.pl/kontakt
Marta Sowa,https://ksiegowa-sowa.pl,biuro@ksiegowa-sowa.pl,high,https://ksiegowa-sowa.pl
Biuro Rachunkowe Krzysztof Bejgerowski,https://brkb.pl,biuro@brkb.pl,high,https://brkb.pl
Biuro Rachunkowe KMT Finance,https://kmtfinance.pl,office@kmtfinance.pl,high,https://kmtfinance.pl
Invoice-Tax - Profesjonalne Biuro Rachunkowe w Poznaniu | Centrum Finansowe | Spółki | Doradztwo Podatkowe | Wirtualne Biuro,https://invoice-tax.pl,biuro@invoice-tax.pl,high,https://invoice-tax.pl
"Kancelaria Podatkowa SAS TAX - Księgowość, Doradztwo i Kadry w jednym miejscu",https://sastax.pl,biuro@sastax.pl,high,https://sastax.pl/kontakt/
Biuro Rachunkowe PITOWNIK Aneta Śniatkowska,https://pitownik.pl,biuro@pitownik.pl,high,https://pitownik.pl
AMIDA. Biuro rachunkowe,https://biurorachunkowe-amida.pl,kontakt@biurorachunkowe-amida.pl,high,https://biurorachunkowe-amida.pl
Biuro Prawno-Rachunkowe Maciej Skorupiński,https://skorupinski.pl,biuro@skorupinski.pl,high,https://skorupinski.pl
Biuro rachunkowe Pro Progress,https://proprogress.pl,biuro@proprogress.pl,high,https://proprogress.pl
Nowypit.pl Biuro Prawno Rachunkowe,https://nowypit.pl,biuro@nowypit.pl,high,https://nowypit.pl
Jan Pietrzak - Księgowy na 6,https://ksiegowyna6.pl,biuro@ksiegowyna6.pl,high,https://ksiegowyna6.pl
Biuro Rachunkowe Clear Finance Sp. z o.o.,https://clearfinance.com.pl,biuro@clearfinance.com.pl,high,https://clearfinance.com.pl
Biuro Rachunkowe Capital Sp. z o. o.,https://br-capital.pl,biurorachunkowe.capital@gmail.com,high,https://br-capital.pl
Biuro Rachunkowe CONSULTING-TAX sp. z o.o.,https://consulting-tax.com,biuro@consulting-tax.com,high,https://consulting-tax.com/kontakt/
Biuro Rachunkowe SODELIS,https://sodelis.pl,biuro@sodelis.pl,high,https://sodelis.pl/index.php/biuro/
IN PLUS TAX,https://inplustax.pl,biuro@inplustax.pl,high,https://inplustax.pl/kontakt
Biuro Rachunkowe AD-plus,https://ad-plus.pl,biuro@ad-plus.pl,high,https://ad-plus.pl
Biuro rachunkowe Infi,https://infi.com.pl,biuro@infi.com.pl,high,https://infi.com.pl
Biuro Rachunkowe Poznań | Kancelaria Gospodarcza,https://kgjk.eu,kontakt@kgjk.eu | jan.nowak@gmail.com,high,https://kgjk.eu
Pietkun Kancelaria Rachunkowa,https://pietkunkancelaria.pl,sekretariat@pietkunkancelaria.pl,high,https://pietkunkancelaria.pl
"Biuro rachunkowe KAIZEN Mateusz Bączyk - Księgowy, Księgowość Poznań",https://biuro-kaizen.pl,mateusz.baczyk@biuro-kaizen.pl,high,https://biuro-kaizen.pl
Kancelaria Doradcy Podatkowego Anna Cegielska,https://acega.pl,biuro@acega.pl | u0022webmaster@acega.pl,high,https://acega.pl
HONETT usługi księgowe Donata Kochańska,https://honett.pl,d.kochanska@honett.pl,high,https://honett.pl
"Biuro Rachunkowe, doradztwo podatkowe",https://kdpo.pl,biuropoznan@kdpo.pl | biurowagrowiec@kdpo.pl,high,https://kdpo.pl/kontakt/
Księgowa Ewa Wojciechowska,https://ksiegowa-sowa.pl,biuro@ksiegowa-sowa.pl,high,https://ksiegowa-sowa.pl
Magdalena Mielcarek,https://mmtax.pl,mielcarek@mmtax.pl,high,https://mmtax.pl
Jeske Magdalena auditor. accounting Office,https://mjbiuro.pl,magdalena.jeske@mjbiuro.pl,high,https://mjbiuro.pl/kontakt.html
Ferma Cyfr,https://fermacyfr.pl,fermacyfr@fermacyfr.pl,high,https://fermacyfr.pl/kontakt
booq sp. z o.o. - nowoczesne biuro rachunkowo-księgowe,https://booq.com.pl,biuro@booq.com.pl,high,https://booq.com.pl
