slug,displayName,email,website,teamType,serviceModel,heroImage,logoUrl,teamImage,pricesFound,socialsFound,status,missing
am-kancelaria-rachunkowa-sp-z-o-o,AM Kancelaria Rachunkowa Sp. z o.o,a.ewertowska@amkancelaria.info.pl,https://uslugiksiegowepoznan.pl,wieloosobowe,stacjonarnie,https://uslugiksiegowepoznan.pl/wp-content/uploads/2024/10/real-estate-20.jpg,http://uslugiksiegowepoznan.pl/wp-content/uploads/2024/09/logo-1.png,https://uslugiksiegowepoznan.pl/wp-content/uploads/2024/10/real-estate-20.jpg,2,yes,ready,
biuro-rachunkowe-atoran,Biuro Rachunkowe Atoran,liberkowska@atoran.pl,https://atoran.pl,wieloosobowe,hybrydowo,https://atoran.pl/images/design/image-1.webp,https://atoran.pl/images/design/logo.webp,https://atoran.pl/images/design/image-1.webp,1,yes,ready,
biuro-rachunkowe-capital-sp-z-o-o,Biuro Rachunkowe Capital Sp. z o. o,biurorachunkowe.capital@gmail.com,https://br-capital.pl,wieloosobowe,hybrydowo,https://br-capital.pl/wp-content/plugins/revslider/public/assets/assets/dummy.png,https://br-capital.pl/wp-content/uploads/2022/04/cropped-br-capital-logo-32x32.png,https://br-capital.pl/wp-content/uploads/2022/03/zamek_portrait-scaled.jpeg,8,yes,ready,
biuro-rachunkowe-clear-finance-sp-z-o-o,Biuro Rachunkowe Clear Finance Sp. z o.o,biuro@clearfinance.com.pl,https://clearfinance.com.pl,wieloosobowe,stacjonarnie,https://clearfinance.com.pl/wp-content/uploads/2020/07/Photogenica-PHX96832726-kadr-1.jpg,https://clearfinance.com.pl/wp-content/uploads/2020/06/logo-3.png,https://clearfinance.com.pl/wp-content/uploads/2020/07/Photogenica-PHX96832726-kadr-1.jpg,4,yes,ready,
biuro-rachunkowe-ekonomik,Biuro Rachunkowe EKONOMIK,biuro@ekonomiksc.pl,https://ekonomiksc.pl,wieloosobowe,hybrydowo,https://ekonomiksc.pl/wp-content/uploads/2025/07/latarnia-1024x705.jpg,https://ekonomiksc.pl/wp-content/uploads/2025/07/logo-1.png,https://ekonomiksc.pl/wp-content/uploads/2025/07/latarnia-1024x705.jpg,2,yes,ready,
biuro-rachunkowe-income-tax-weronika-greda,Biuro Rachunkowe Income Tax Weronika Gręda,biuro@incometax.pl,https://incometax.pl,wieloosobowe,hybrydowo,http://incometax.pl/wp-content/uploads/2023/03/white.jpg,http://incometax.pl/wp-content/uploads/2022/10/Income-Tax_Logo-oryginalne-1.png,http://incometax.pl/wp-content/uploads/2023/03/white.jpg,3,yes,ready,
biuro-rachunkowe-m-team,Biuro Rachunkowe M-Team,kontakt@m-team-biurorachunkowe.pl,https://m-team-biurorachunkowe.pl,wieloosobowe,stacjonarnie,https://m-team-biurorachunkowe.pl/wp-content/uploads/2021/08/tlo.jpg,https://m-team-biurorachunkowe.pl/wp-content/themes/misjateam/img/logo2.png,https://m-team-biurorachunkowe.pl/wp-content/uploads/2021/08/tlo.jpg,4,yes,ready,
biuro-rachunkowe-pitownik-aneta-sniatkowska,Biuro Rachunkowe PITOWNIK Aneta Śniatkowska,biuro@pitownik.pl,https://pitownik.pl,wieloosobowe,hybrydowo,https://pitownik.pl/wp-content/uploads/2024/12/hero-section-1024x971.webp,https://pitownik.pl/wp-content/uploads/2024/12/logo2.png,https://pitownik.pl/wp-content/uploads/2024/12/hero-section-1024x971.webp,3,yes,ready,
biuro-rachunkowe-poznan,Biuro Rachunkowe Poznań,info@br-ingenium.pl,https://br-ingenium.pl,wieloosobowe,hybrydowo,https://br-ingenium.pl/wp-content/uploads/2024/02/cropped-8c4a8df2-8f8c-4032-84f2-3a79926a9087.png,https://br-ingenium.pl/wp-content/uploads/2025/11/logo.png,https://br-ingenium.pl/wp-content/uploads/2025/11/3.png,5,yes,ready,
biuro-rachunkowe-poznan-2,Biuro Rachunkowe Poznań,kontakt@kgjk.eu,https://kgjk.eu,wieloosobowe,hybrydowo,https://kgjk.eu/wp-content/uploads/2025/09/slider_1.webp,https://kgjk.eu/wp-content/uploads/2025/09/cropped-logo_rgb_blue_bg2.webp,https://kgjk.eu/wp-content/uploads/2025/09/slider_1.webp,7,yes,ready,
biuro-rachunkowe-taxo,Biuro Rachunkowe TAXO,kontakt@taxo-acc.pl,https://taxo-acc.pl,wieloosobowe,hybrydowo,https://www.taxo-acc.pl/wp-content/uploads/2023/08/TAXO_biale.png,https://www.taxo-acc.pl/wp-content/uploads/2023/07/logo_taxo_x2.png,https://www.taxo-acc.pl/wp-content/uploads/2024/02/Sandra-Kurpisz-Sliwa.png,3,yes,ready,
biuro-rachunkowe-value-business,Biuro Rachunkowe Value Business,biuro@valuebusiness.pl,https://valuebusiness.pl,wieloosobowe,hybrydowo,https://www.valuebusiness.pl/wp-content/gallery/onas/thumbs/thumbs_o_nas-1.jpg,https://www.valuebusiness.pl/wp-content/uploads/2018/11/cropped-logo.png,https://www.valuebusiness.pl/wp-content/uploads/2025/07/gl_1_przed-200x300.jpg,1,yes,ready,
biuro-rachunkowe-wera,Biuro Rachunkowe Wera,jan@gmail.com,https://wera360.pl,wieloosobowe,stacjonarnie,https://wera360.pl/wp-content/uploads/2017/01/18882287_1345454438895176_3965852120796158246_n.png,https://wera360.pl/wp-content/uploads/2018/09/wera_br_logo_512x512.png,https://wera360.pl/wp-content/uploads/2017/01/18882287_1345454438895176_3965852120796158246_n.png,5,yes,ready,
booq-sp-z-o-o,booq sp. z o.o,biuro@booq.com.pl,https://booq.com.pl,wieloosobowe,stacjonarnie,https://booq.com.pl/wp-content/uploads/2019/11/Żaneta-Sroka.jpg,https://booq.com.pl/wp-content/uploads/2020/07/booq-LOGO-HI-01.png,https://booq.com.pl/wp-content/uploads/2019/11/Żaneta-Sroka.jpg,1,yes,ready,
business-profit-biuro-rachunkowe,Business Profit Biuro Rachunkowe,biuro@profit-poznan.pl,https://profit-poznan.pl,wieloosobowe,hybrydowo,https://profit-poznan.pl/images/slider/slider-1.jpg,https://profit-poznan.pl/images/logo.png,https://profit-poznan.pl/images/slider/slider-1.jpg,1,yes,ready,
certyfikowane-biuro-rachunkowe-rzis-pl,Certyfikowane Biuro Rachunkowe RZIS.pl,kontakt@rzis.pl,https://rzis.pl,wieloosobowe,hybrydowo,https://rzis.pl/wp-content/uploads/2024/03/pkpir.jpg,https://rzis.pl/wp-content/uploads/2023/05/Logo_duze_po-korekcie2x.png,https://rzis.pl/wp-content/uploads/2024/03/zespol3.jpg,3,yes,ready,
honett-us-ugi-ksiegowe-donata-kochanska,HONETT usługi księgowe Donata Kochańska,d.kochanska@honett.pl,https://honett.pl,wieloosobowe,hybrydowo,https://honett.pl/wp-content/uploads/2025/09/Group-42.png,https://honett.pl/wp-content/uploads/2025/09/Logo-Full-Color.png,https://honett.pl/wp-content/uploads/bb-plugin/cache/Ksiegowosc-dla-spolek-z-o.o.-P.S.A-panorama-61deccbb25b99621f576a8b790a57824-en8hm0b5iogf.jpg,1,yes,ready,
in-plus-tax,IN PLUS TAX,biuro@inplustax.pl,https://inplustax.pl,wieloosobowe,stacjonarnie,https://www.inplustax.pl/app/uploads/2015/10/In_Plus_Tax_ksiegowosc_uproszczona_glowna.png,https://www.inplustax.pl/app/themes/inplustax/dist/images/inplustax.png,https://www.inplustax.pl/app/uploads/2015/10/In_Plus_Tax_ksiegowosc_uproszczona_glowna.png,4,yes,ready,
invoice-tax,Invoice-Tax,biuro@invoice-tax.pl,https://invoice-tax.pl,wieloosobowe,stacjonarnie,https://invoice-tax.pl/wp-content/uploads/2024/03/INVOICE-TAX-WHT.png,https://invoice-tax.pl/wp-content/uploads/2024/03/INVOICE-TAX.png,https://invoice-tax.pl/wp-content/uploads/2024/03/INVOICE-TAX-WHT.png,6,yes,ready,
kancelaria-gospodarcza-szatkowscy-i-wspolnicy-sp-z-o-o,Kancelaria Gospodarcza Szatkowscy i Wspólnicy Sp. z o.o,kancelaria@kancelariagospodarcza.eu,https://kancelariagospodarcza.pl,wieloosobowe,hybrydowo,https://kancelariagospodarcza.pl/wp-content/uploads/2023/11/pexels-karolina-grabowska-4386328-1.jpg,https://kancelariagospodarcza.pl/wp-content/uploads/2023/11/logo-kancelariagospodarcza-white-1.svg,https://kancelariagospodarcza.pl/wp-content/uploads/2023/11/pexels-karolina-grabowska-4386328-1.jpg,2,yes,ready,
kancelaria-podatkowa-andrzej-nowak-sp-z-o-o,Kancelaria Podatkowa Andrzej Nowak Sp. z o.o,biuro@anowak.com.pl,https://anowak.com.pl,wieloosobowe,hybrydowo,https://anowak.com.pl/wp-content/uploads/2025/01/O-nas-zdjecia-1-1024x1024.png,https://anowak.com.pl/wp-content/uploads/2025/02/1-1024x582.png,https://anowak.com.pl/wp-content/uploads/2025/10/KPAN-Ksiegowosc-1-1024x931.png,6,yes,ready,
kancelaria-rachunkowa-denarius-sp-z-o-o,Kancelaria Rachunkowa Denarius Sp. z o.o,kancelaria@denarius.com.pl,https://denarius.com.pl,wieloosobowe,hybrydowo,https://www.denarius.com.pl/images/zdalne_biuro_rachunkowe.jpeg,https://www.denarius.com.pl/templates/denariuspl_pl_2018/images/designer/a6314fef87abf3bef023836e6fea1451_logo.svg,https://www.denarius.com.pl/images/1.jpg,5,yes,ready,
kancelaria-us-ug-ksiegowych-tyniec-partnerzy,Kancelaria Usług Księgowych Tyniec & Partnerzy,biuro@kancelariatyniec.pl,https://kancelariatyniec.pl,wieloosobowe,hybrydowo,https://kancelariatyniec.pl/wp-content/uploads/2017/04/powody-3-1024x683.jpg,https://kancelariatyniec.pl/wp-content/uploads/2020/03/Logo-web-popr_Obszar-roboczy-1.svg,https://kancelariatyniec.pl/wp-content/uploads/2017/04/powody-3-1024x683.jpg,2,yes,ready,
magdalena-mielcarek,Magdalena Mielcarek,mielcarek@mmtax.pl,https://mmtax.pl,wieloosobowe,hybrydowo,https://mmtax.pl/wp-content/uploads/2021/11/linebgoverlay.png,https://mmtax.pl/wp-content/uploads/2021/11/cropped-logo-good-178x180.jpg,https://mmtax.pl/wp-content/uploads/2021/11/linebgoverlay.png,8,yes,ready,
optimum-accounting-office-poznan,OPTIMUM - Accounting Office Poznan,optimum@optimumbiuro.com.pl,https://optimumbiuro.com.pl,wieloosobowe,hybrydowo,https://optimumbiuro.com.pl/wp-content/uploads/2025/06/businesswoman-meeting-financial-advisor-discuss-bu-2025-03-23-19-38-15-utc-Large.jpeg,https://test.optimumbiuro.com.pl/wp-content/uploads/2025/06/szare-pom.png,https://optimumbiuro.com.pl/wp-content/uploads/2025/06/professional-business-team-using-digital-tablet-a-2024-11-26-21-23-55-utc-Large.jpeg,6,yes,ready,
pg-partner-gospodarczy,PG Partner Gospodarczy,zapytania@partner-gospodarczy.pl,https://partner-gospodarczy.pl,wieloosobowe,hybrydowo,https://partner-gospodarczy.pl/wp-content/uploads/sites/6/2024/03/biuro29_hero.png,https://partner-gospodarczy.pl/wp-content/uploads/sites/6/2024/03/logo-effekti.svg,https://partner-gospodarczy.pl/wp-content/uploads/sites/6/2024/03/effekti_hero.png,8,yes,ready,
sobieraj-i-kuzmin-sp-z-o-o-biuro-rachunkowe-poznan,Sobieraj i Kuźmin Sp. z o.o. Biuro rachunkowe Poznań,biuro@doradztwopodatkowe-sik.pl,https://doradztwopodatkowe-sik.pl,wieloosobowe,stacjonarnie,https://doradztwopodatkowe-sik.pl/wp-content/uploads/2023/09/hero-home.jpg,https://doradztwopodatkowe-sik.pl/wp-content/uploads/2023/09/logo-small.svg,https://doradztwopodatkowe-sik.pl/wp-content/uploads/2025/06/CIT-estonski.jpg,1,yes,ready,
taxcoach-sp-z-o-o-biuro-rachunkowe,TaxCoach Sp. z o.o. Biuro rachunkowe,ksiegowosc@taxcoach.pl,https://taxcoach.pl,wieloosobowe,hybrydowo,https://taxcoach.pl/img/sections/tax-office.jpg,https://taxcoach.pl/img/logo-tax-r/logo-white-r-min.png,https://taxcoach.pl/couch/uploads/image/nowa-oferta/strona-glowna/helvetica-4.png,6,yes,ready,
taxeo-accounting-office-poznan,Taxeo Accounting Office Poznań,biuro@taxeo.pl,https://gdansk.taxeo.pl,wieloosobowe,hybrydowo,https://gdansk.taxeo.pl/wp-content/uploads/2025/09/biuro-rachunkowe-1.jpg,https://gdansk.taxeo.pl/wp-content/themes/taxeo/images/logo.svg,https://gdansk.taxeo.pl/wp-content/uploads/2025/09/biuro-rachunkowe-74.png,6,yes,ready,
taxshield-biuro-rachunkowe-online,TaxShield Biuro Rachunkowe Online,biuro@taxshield.pl,https://taxshield.pl,wieloosobowe,hybrydowo,https://taxshield.pl/img/download/social.png,https://taxshield.pl/img/logo.svg,https://taxshield.pl/img/invoice.png,7,yes,ready,
accounting-office-rachunkovnia-sp-o-o,Accounting Office Rachunkovnia sp. O.o,biuro@rachunkovnia.pl,https://rachunkovnia.pl,wieloosobowe,hybrydowo,https://rachunkovnia.pl/photos/536/banner-online.jpg.jpg,https://rachunkovnia.pl/img/logo.png,https://rachunkovnia.pl/img/vat.png,2,no,needs_review,socials
ak-plus-biuro-rachunkowe-anna-klupczynska,AK-PLUS Biuro Rachunkowe Anna Klupczyńska,kontakt@biurorachunkowe-poznan.eu,https://biurorachunkowe-poznan.eu,wieloosobowe,hybrydowo,https://biurorachunkowe-poznan.eu/wp-content/uploads/2020/05/świadectwo-kwalifikacyjne-biuro-rachunkowe-Poznań-718x1024.jpg,https://biurorachunkowe-poznan.eu/wp-content/uploads/2020/04/AK-PLUS-Biuro-Rachunkowe-Anna-Klupczyńska-logo.png,https://biurorachunkowe-poznan.eu/wp-content/uploads/2020/05/pelna-ksiegowosc-poznan-biuro-rachunkowe.jpg,8,no,needs_review,socials
akama-dorota-wysocka,AKAMA Dorota Wysocka,akamapoznan@wp.pl,https://wysocka-biuro-rachunkowe.pl,wieloosobowe,stacjonarnie,https://www.wysocka-biuro-rachunkowe.pl/images/design/page/layout/3_1_orig.jpg,https://www.wysocka-biuro-rachunkowe.pl/images/design/page/layout/logo2_orig.png,https://www.wysocka-biuro-rachunkowe.pl/images/design/page/layout/1_orig.jpg,5,no,needs_review,socials
ankrys-us-ugi-ksiegowo-podatkowe-katarzyna-farbisz-ma-gorzata,Ankrys Usługi Księgowo-Podatkowe Katarzyna Farbisz Małgorzata,ankrys@poznet.pl,https://ankrysbiuro.pl,jednoosobowe,stacjonarnie,https://ankrysbiuro.pl/wp-content/uploads/2023/06/biuro-z-dokumentami-i-kontami-pienieznymi-1024x683.jpg,https://ankrysbiuro.pl/wp-content/uploads/2023/06/ankrys-logo-400x121-1.svg,https://ankrysbiuro.pl/wp-content/uploads/2023/06/praca-zespolowa-biznes-kobieta-rachunkowosci-pojecie-finansowe-w-biurze-1024x683.jpg,0,yes,needs_review,pricing
awm-zarzadzanie-rachunkowoscia-spo-ka-z-o-o,AWM Zarządzanie Rachunkowością Spółka z o.o,biuro@awmzr.pl,https://awmzr.pl,wieloosobowe,hybrydowo,https://awmzr.pl/wp-content/uploads/2015/01/banner-1-1.jpg,https://awmzr.pl/wp-content/themes/ams/assets/images/awm_logo.png,https://awmzr.pl/wp-content/uploads/2021/12/o-nas-mobile.png,0,yes,needs_review,pricing
biura-rachunkowe-kryzysowa-ksiegowa-i-wspolnicy-malwowa-ksiegowa-z,"Biura Rachunkowe Kryzysowa księgowa i wspólnicy, Malwowa, Księgowa z",biuro@kryzysowa-ksiegowa.pl,https://kryzysowa-ksiegowa.pl,wieloosobowe,stacjonarnie,https://www.kryzysowa-ksiegowa.pl/images/design/baner.jpg,https://www.kryzysowa-ksiegowa.pl/images/design/logo.png#joomlaImage://local-images/design/logo.png?width=379&amp;height=48,https://www.kryzysowa-ksiegowa.pl/images/design/slide-e.jpg,0,yes,needs_review,pricing
biuro-ksiegowe-point,Biuro księgowe POINT,gosiachwialkowska@gmail.com,https://poznanksiegowa.pl,wieloosobowe,stacjonarnie,https://poznanksiegowa.pl/wp-content/uploads/2016/07/biuro-rachunkowe-poznan.png,https://poznanksiegowa.pl/wp-content/uploads/2016/07/logo-ksiegowosc-point.png,https://poznanksiegowa.pl/wp-content/uploads/2016/07/ksiegowa-poznan-naramowice.png,1,no,needs_review,socials
biuro-rachunkowe-ad-plus,Biuro Rachunkowe AD-plus,biuro@ad-plus.pl,https://ad-plus.pl,wieloosobowe,hybrydowo,https://www.ad-plus.pl/wp-content/uploads/2015/10/Tablet-Mockup-Template2.png,https://www.ad-plus.pl/wp-content/uploads/2019/03/Logo-www-Biuro-Rachunkowe-Ad-Plus-Poznań-2.png,https://www.ad-plus.pl/wp-content/uploads/2015/10/Tablet-Mockup-Template2.png,0,yes,needs_review,pricing
biuro-rachunkowe-atp,Biuro rachunkowe ATP,p.harwazinski@atp.biz.pl,https://atpksiegowosc.pl,wieloosobowe,hybrydowo,https://atpksiegowosc.pl/wp-content/uploads/2023/06/Lawyer-Hero-Image-1-1.png,https://atpksiegowosc.pl/wp-content/uploads/2023/06/cropped-Logo-czarne-bez-tla.png,https://atpksiegowosc.pl/wp-content/uploads/2023/06/Lawyer-Hero-Image-1-1.png,0,yes,needs_review,pricing
biuro-rachunkowe-brkm,Biuro Rachunkowe BRKM,kontakt@brkm.com.pl,https://brkm.com.pl,wieloosobowe,hybrydowo,https://brkm.com.pl/wp-content/uploads/2023/05/stairs-gfe18cf50c_1920-1024x683.jpg,,https://brkm.com.pl/wp-content/uploads/2023/05/business-team2-990x1024.png,4,yes,needs_review,logo
biuro-rachunkowe-doradztwo-podatkowe,"Biuro Rachunkowe, doradztwo podatkowe",biuropoznan@kdpo.pl,https://kdpo.pl,wieloosobowe,stacjonarnie,https://kdpo.pl/wp-content/uploads/2015/01/biuro_r1.jpg,https://www.startbiznesdp.pl/img/logo_start_biznes.png,https://kdpo.pl/wp-content/uploads/2015/01/doradztwo_p1.jpg,7,no,needs_review,socials
biuro-rachunkowe-elzbieta-wawrzyniak,Biuro Rachunkowe Elżbieta Wawrzyniak,office@wawrzyniakbiuro.pl,https://wawrzyniakbiuro.pl,wieloosobowe,stacjonarnie,http://www.wawrzyniakbiuro.pl/wp-content/uploads/img/fk2.jpg,http://www.wawrzyniakbiuro.pl/wp-content/uploads/img/wawrzyniak_logo.png,http://www.wawrzyniakbiuro.pl/wp-content/uploads/img/fk2.jpg,1,no,needs_review,socials
biuro-rachunkowe-infi,Biuro rachunkowe Infi,biuro@infi.com.pl,https://infi.com.pl,wieloosobowe,hybrydowo,https://infi.com.pl/wp-content/uploads/2021/09/businessman-working-desk-with-using-calculator-computer-office-concept-accounting-finance.jpg,https://infi.com.pl/wp-content/uploads/2021/01/Logotyp-Infi-Long2020.png,https://infi.com.pl/wp-content/uploads/2021/09/top-view-business-team-during-meeting-conference-about-marketing-plan-office.jpg,0,yes,needs_review,pricing
biuro-rachunkowe-infinitum-ksiegowosc-e-commerce,Biuro Rachunkowe INFINITUM księgowość e-commerce,biuro@infinitum-biurorachunkowe.pl,https://infinitum-biurorachunkowe.pl,wieloosobowe,hybrydowo,https://infinitum-biurorachunkowe.pl/wp-content/uploads/2023/03/Ksiegowosc-ecommerce-POznan-1024x701.jpg,https://infinitum-biurorachunkowe.pl/wp-content/uploads/2024/10/biuro-rachunkowe.png,https://infinitum-biurorachunkowe.pl/wp-content/uploads/2023/03/Ksiegowosc-ecommerce-POznan-1024x701.jpg,0,yes,needs_review,pricing
biuro-rachunkowe-jw,Biuro Rachunkowe JW,biuro@biurorachunkowejw.pl,https://biurorachunkowejw.pl,wieloosobowe,hybrydowo,https://biurorachunkowejw.pl/images/pl/webpage_1/lsf2uzqp/element_3471/rwdMode_1/234x85/cik-baner.png,https://biurorachunkowejw.pl/images/pl/webpage_4/lsf2uyl3/element_3585/rwdMode_1/341x137/Biuro-Rachunkowe-JW-logo.jpg,https://biurorachunkowejw.pl/images/pl/layout_1/lsf2usag/element_181/0/rwdMode_4/640x359/Uslugi-ksiegowe-Pokrzywno-Nowe-Miasto-Poznan-i-okolice.jpg,8,no,needs_review,socials
biuro-rachunkowe-kaizen-mateusz-baczyk,Biuro rachunkowe KAIZEN Mateusz Bączyk,mateusz.baczyk@biuro-kaizen.pl,https://biuro-kaizen.pl,wieloosobowe,stacjonarnie,https://www.biuro-kaizen.pl/wp-content/uploads/2020/04/fot_mateusz.png,"https://sp-ao.shortpixel.ai/client/to_webp,q_glossy,ret_img/https://www.biuro-kaizen.pl/wp-content/uploads/elementor/thumbs/logo_h-1-oonhua542xxs4iqpxk2fndd1lyghkpv5083ofw2c2w.png",https://www.biuro-kaizen.pl/wp-content/uploads/2020/04/fot_mateusz.png,2,no,needs_review,socials
biuro-rachunkowe-kurdynowski-ksiegowosc-poznan,Biuro Rachunkowe Kurdynowski Księgowość Poznań,poznan@kurdynowski.pl,https://kurdynowski.com.pl,wieloosobowe,hybrydowo,https://kurdynowski.com.pl/wp-content/uploads/2026/02/image-95ca996c-0c91-4e5b-9637-3efa1cf6bb91.jpeg,https://kurdynowski.com.pl/wp-content/themes/kurdynowski/resources/assets/images//special-space-logo.svg,https://kurdynowski.com.pl/wp-content/uploads/2026/03/image-8bc15232-2759-4ada-876e-43db1628cbb5.jpeg,0,yes,needs_review,pricing
biuro-rachunkowe-lmb-office,Biuro Rachunkowe LMB Office,biuro@lmboffice.pl,https://lmboffice.pl,wieloosobowe,stacjonarnie,https://www.lmboffice.pl/images/design/banner_podstrona.webp,https://www.lmboffice.pl/images/design/logo.webp,https://www.lmboffice.pl/images/design/kategoria1.webp,0,yes,needs_review,pricing
biuro-rachunkowe-mk-paw-owscy,Biuro Rachunkowe MK Pawłowscy,biuromkpawlowscy@gmail.com,https://mkpawlowscy.com,wieloosobowe,hybrydowo,https://mkpawlowscy.com/images/pl/webpage_24/mhetkuhe/element_592/rwdMode_4/640x824/unsplash-image.webp,https://mkpawlowscy.com/files/dynamicContent/sites/qpsr7x/images/pl/layout_3/m2vqprr3/element_588/base_logo_transparent_background.png,https://mkpawlowscy.com/images/pl/webpage_24/mhetkuhe/element_592/rwdMode_4/640x824/unsplash-image.webp,2,no,needs_review,socials
biuro-rachunkowe-poznan-drd,Biuro Rachunkowe Poznań DRD,biuro@drd.pl,https://drd.pl,wieloosobowe,hybrydowo,https://www.drd.pl/img/drd20_baner.png,https://www.drd.pl/web/img/logo_kolor_new_up.png,https://www.drd.pl/web/img/opt34.jpg,6,no,needs_review,socials
biuro-rachunkowe-poznan-jozwicki-partners,Biuro Rachunkowe Poznań Jóźwicki & Partners,kontakt@mjn-jozwicki.pl,https://mjn-jozwicki.pl,wieloosobowe,stacjonarnie,https://jp-group.pl/wp-content/uploads/2019/11/mjn-og.jpg,https://jp-group.pl/wp-content/themes/mjn-template/images/logo.png,https://jp-group.pl/wp-content/uploads/2019/11/mjn-og.jpg,0,yes,needs_review,pricing
biuro-rachunkowe-poznan-kz,Biuro Rachunkowe Poznań KZ,biuro@brkz.pl,https://brkz.pl,wieloosobowe,hybrydowo,https://www.brkz.pl/wp-content/uploads/skala-wystajaca-z-morza.jpg,https://www.brkz.pl/wp-content/uploads/biuro-rachunkowe-kinga-zeidler-logo.png,https://www.brkz.pl/wp-content/uploads/ksiegowy-pracujacy-przy-biurku.jpeg,1,no,needs_review,socials
biuro-rachunkowe-pro-progress,Biuro rachunkowe Pro Progress,biuro@proprogress.pl,https://proprogress.pl,wieloosobowe,stacjonarnie,https://www.proprogress.pl/wp-content/uploads/2015/01/inwentaryzacja.jpg,https://proprogress.pl/wp-content/uploads/2015/03/logo_wzpl_new-01.jpg,https://www.proprogress.pl/wp-content/uploads/2015/01/ksiegowosc.jpg,1,no,needs_review,socials
biuro-rachunkowe-punkt-sp-z-o-o,Biuro Rachunkowe PUnKT Sp. z o.o,biuro@brpunkt.pl,https://brpunkt.pl,wieloosobowe,hybrydowo,https://brpunkt.pl/wp-content/uploads/2015/02/start.jpg,https://brpunkt.pl/wp-content/uploads/2020/05/logo_200x50.png,https://brpunkt.pl/wp-content/uploads/2015/02/start.jpg,5,no,needs_review,socials
biuro-rachunkowe-stefanska-anna,Biuro Rachunkowe Stefańska Anna,annast@op.pl,https://biurorachunkowe-stefanska.pl,wieloosobowe,stacjonarnie,https://www.biurorachunkowe-stefanska.pl/images/design/page/layout/banner.jpg,https://www.biurorachunkowe-stefanska.pl/images/design/logo-group-1.png,https://www.biurorachunkowe-stefanska.pl/images/design/page/layout/slider-1.jpg,1,no,needs_review,socials
fakturtax-biuro-rachunkowe-poznan,FakturTax biuro rachunkowe Poznań,kontakt@fakturtax.pl,https://fakturtax.pl,wieloosobowe,hybrydowo,https://fakturtax.pl/images/pl/webpage_1/mmdhjq5d/element_24140/rwdMode_4/640x471/biuro-rachunkowe-poznan.webp,https://fakturtax.pl/images/pl/webpage_1/mmdhjq5d/element_7634/LOGO-ZR-PION-KOLOR-png.png,https://fakturtax.pl/images/pl/webpage_144/mmdhjj33/element_18291/rwdMode_4/322x268/zmiana-ksiegowego-w-Poznaniu.webp,8,no,needs_review,socials
ferma-cyfr,Ferma Cyfr,fermacyfr@fermacyfr.pl,https://fermacyfr.pl,jednoosobowe,stacjonarnie,http://www.fermacyfr.pl/wp-content/uploads/2021/10/plansza-informacyjna-PFR-poziom.png,http://www.fermacyfr.pl/wp-content/uploads/2018/02/logo-fermacyfr.png,http://www.fermacyfr.pl/wp-content/uploads/2021/10/plansza-informacyjna-PFR-poziom.png,1,no,needs_review,socials
g-tax,G-TAX,biuro@g-tax.pl,https://g-tax.pl,wieloosobowe,stacjonarnie,https://g-tax.pl/wp-content/uploads/2015/11/gtax-2.png,https://g-tax.pl/wp-content/uploads/2015/11/gtax-1.png,https://g-tax.pl/wp-content/uploads/2015/11/gtax-2.png,4,no,needs_review,socials
jan-pietrzak,Jan Pietrzak,biuro@ksiegowyna6.pl,https://ksiegowyna6.pl,wieloosobowe,hybrydowo,https://ksiegowyna6.pl/wp-content/uploads/2019/06/feature2-free-img-1.png,https://ksiegowyna6.pl/wp-content/uploads/2023/02/logo-poziom2.png,https://ksiegowyna6.pl/wp-content/uploads/2019/06/feature2-free-img-1.png,1,yes,needs_review,phone
kancelaria-centrum,Kancelaria Centrum,biuro@kancelariacentrum.pl,https://kancelariacentrum.pl,wieloosobowe,hybrydowo,https://res.cloudinary.com/kancelaria-centrum/image/upload/fl_progressive/v1614646311/centrum/headers/centrum_office_krk_awetvy.webp,,https://kancelariacentrum.pl/wp-content/uploads/2023/02/hd-wallpaper-gbdbb729d8_1280-360x225.jpg,2,yes,needs_review,logo
kancelaria-doradcy-podatkowego-anna-cegielska,Kancelaria Doradcy Podatkowego Anna Cegielska,biuro@acega.pl,https://acega.pl,wieloosobowe,hybrydowo,https://acega.pl/images/new/banner_acega_v2.jpg,https://acega.pl/images/logo.jpg,https://acega.pl/images/new/Uslugi_ksiegowe_male.png,8,no,needs_review,socials
kancelaria-podatkowa-sas-tax,Kancelaria Podatkowa SAS TAX,biuro@sastax.pl,https://sastax.pl,wieloosobowe,hybrydowo,https://sastax.pl/wp-content/uploads/2021/02/economist-office-1.jpg,https://sastax.pl/wp-content/uploads/2021/02/logo-sas-tax.svg,https://sastax.pl/wp-content/uploads/2021/03/ksiegowosc-online.jpg,0,yes,needs_review,pricing
md-biuro-rachunkowe-ma-gorzata-dudziak,Md Biuro Rachunkowe Małgorzata Dudziak,malgorzata@md-biurorachunkowe.com,https://md-biurorachunkowe.com,wieloosobowe,stacjonarnie,"https://static.wixstatic.com/media/cfdc16074caf46c9b84dd58ff3eca864.jpg/v1/fill/w_940,h_440,al_c,q_85,usm_0.66_1.00_0.01,enc_avif,quality_auto/klawiatura.jpg",,"https://static.wixstatic.com/media/cfdc16074caf46c9b84dd58ff3eca864.jpg/v1/fill/w_940,h_440,al_c,q_85,usm_0.66_1.00_0.01,enc_avif,quality_auto/klawiatura.jpg",7,yes,needs_review,logo
mega-lex-corp,Mega Lex Corp,kontakt@megalex.pl,https://megalex.pl,jednoosobowe,stacjonarnie,https://megalex.pl/_next/static/chunks/images/content/48e04091-bc26-407b-8198-faedfc4546fa_1920.jpg,https://megalex.pl/assets/logo.webp,https://megalex.pl/_next/static/chunks/images/content/48e04091-bc26-407b-8198-faedfc4546fa_1920.jpg,1,no,needs_review,socials
nowypit-pl-biuro-prawno-rachunkowe,Nowypit.pl Biuro Prawno Rachunkowe,biuro@nowypit.pl,https://nowypit.pl,wieloosobowe,stacjonarnie,https://nowypit.pl/wp-content/uploads/2025/09/Lekarz-KSeF.png,https://nowypit.pl/wp-content/uploads/2024/12/logo-nowy-pit.png,https://nowypit.pl/wp-content/uploads/2025/09/Lekarz-KSeF.png,1,no,needs_review,socials
pietkun-kancelaria-rachunkowa,Pietkun Kancelaria Rachunkowa,sekretariat@pietkunkancelaria.pl,https://pietkunkancelaria.pl,wieloosobowe,hybrydowo,https://pietkunkancelaria.pl/wp-content/uploads/2021/12/pexels-fauxels-1024x682.jpg,https://pietkunkancelaria.pl/wp-content/uploads/2022/05/logo.svg,https://pietkunkancelaria.pl/wp-content/uploads/2022/05/kancelaria-min.png,1,no,needs_review,socials
profit-biuro-rachunkowe,Profit. Biuro rachunkowe,biuro@profitrachunki.pl,https://profitrachunki.pl,jednoosobowe,stacjonarnie,http://www.profitrachunki.pl/images/start_image_gora.png,http://www.profitrachunki.pl/images/logoh_biuro_rachunkowe_PROFIT.png,http://www.profitrachunki.pl/images/start_image_gora.png,8,no,needs_review,socials
spectrum-biuro-rachunkowe,Spectrum Biuro Rachunkowe,kontakt@biuro-spectrum.pl,https://biuro-spectrum.pl,wieloosobowe,stacjonarnie,https://biuro-spectrum.pl/wp-content/uploads/2025/02/kontakt-Edyta1-1.jpg,https://biuro-spectrum.pl/wp-content/uploads/2025/02/logo.png,https://biuro-spectrum.pl/wp-content/uploads/2025/02/kontakt-Edyta1-1.jpg,3,no,needs_review,socials
taxodus-biuro-ksiegowe-poznan-awica-biuro-rachunkowe,Taxodus Biuro Księgowe Poznań Ławica Biuro Rachunkowe,sekretariat@taxodus.pl,https://taxodus.pl,wieloosobowe,stacjonarnie,https://taxodus.pl/images/ksiegowosc-poziom.jpg,https://taxodus.pl/images/kancelaria-taxodus-logo.png,https://taxodus.pl/images/ksiegowosc-poziom.jpg,1,no,needs_review,socials
vespa-biuro-rachunkowe,VESPA Biuro Rachunkowe,biuro@ksiegowepoznan.pl,https://ksiegowepoznan.pl,wieloosobowe,stacjonarnie,https://www.ksiegowepoznan.pl/grafika/baner/baner_4.jpg,https://www.ksiegowepoznan.pl/grafika/s_logo1.jpg,https://www.ksiegowepoznan.pl/grafika/baner/baner_4.jpg,1,no,needs_review,socials
wikom-biuro-rachunkowe,Wikom Biuro Rachunkowe,wikom@wikombiuro.pl,https://wikombiuro.pl,wieloosobowe,hybrydowo,https://wikombiuro.pl/wp-content/uploads/2021/12/adam-foto.webp,https://wikombiuro.pl/wp-content/uploads/2021/08/LOGO.svg,https://wikombiuro.pl/wp-content/uploads/2021/12/adam-foto.webp,2,no,needs_review,socials
amida-biuro-rachunkowe,AMIDA. Biuro rachunkowe,kontakt@biurorachunkowe-amida.pl,https://biurorachunkowe-amida.pl,wieloosobowe,stacjonarnie,https://biurorachunkowe-amida.pl/wp-content/uploads/2016/12/slide-1260x0.jpg,https://biurorachunkowe-amida.pl/wp-content/uploads/2016/12/cropped-amida-logo2.png,https://biurorachunkowe-amida.pl/wp-content/uploads/2016/12/slide-1260x0.jpg,0,no,needs_review,"pricing,socials"
ascs-consulting-biuro-rachunkowe,ASCS-Consulting Biuro Rachunkowe,biuro@ascs-consulting.pl,https://ascs-consulting.pl,nieokreslone,hybrydowo,"https://static.wixstatic.com/media/69bb05_21a061d322ba4f778cc9f8509df95a1c~mv2.jpg/v1/crop/x_14,y_212,w_5702,h_2172/fill/w_812,h_296,al_c,q_80,usm_0.66_1.00_0.01,enc_avif,quality_auto/ASCS-consulting-biuro-rachunkowe-poznan-min.jpg",,"https://static.wixstatic.com/media/69bb05_b1f9d69f69fe40c5ad4a9de7b1ad7017~mv2.jpg/v1/fill/w_688,h_300,al_c,q_80,usm_0.66_1.00_0.01,enc_avif,quality_auto/69bb05_b1f9d69f69fe40c5ad4a9de7b1ad7017~mv2.jpg",1,yes,needs_review,"logo,team_type"
biuro-ksiegowe,BIURO KSIĘGOWE,biuro@ksiegowo.com.pl,https://ksiegowo.com.pl,nieokreslone,stacjonarnie,https://ksiegowo.com.pl/wp-content/uploads/2016/08/slajd1-1280x500.jpg,https://ksiegowo.com.pl/wp-content/uploads/2016/08/logo-B2-małe-sepia.jpg,https://ksiegowo.com.pl/wp-content/uploads/2016/08/slajd1-1280x500.jpg,0,yes,needs_review,"team_type,pricing"
biuro-prawno-rachunkowe-maciej-skorupinski,Biuro Prawno-Rachunkowe Maciej Skorupiński,biuro@skorupinski.pl,https://skorupinski.pl,wieloosobowe,hybrydowo,https://skorupinski.pl/wp-content/uploads/bprs-zdjecie-oferta-1024x601.png,https://skorupinski.pl/wp-content/uploads/BPR-Skorupinski-logo-RGB_white.png,https://skorupinski.pl/wp-content/uploads/bprs-zdjecie-oferta-1024x601.png,0,no,needs_review,"pricing,socials"
biuro-rachunkowe-2,Biuro rachunkowe,lucyna@lkprogres.pl,https://lkprogres.pl,wieloosobowe,stacjonarnie,https://www.lkprogres.pl/images/design/obslugamatz.webp,https://www.lkprogres.pl/images/design/logo-2.webp,https://www.lkprogres.pl/images/design/obslugamatz.webp,0,no,needs_review,"pricing,socials"
biuro-rachunkowe-adler,Biuro rachunkowe Adler,info@biuroadler.pl,https://biuroadler.pl,wieloosobowe,stacjonarnie,https://biuroadler.pl/wp-content/uploads/2024/06/biuro-rachunkowe-3.jpg,https://biuroadler.pl/wp-content/uploads/2024/04/logo.svg,https://biuroadler.pl/wp-content/uploads/2024/07/uslugi-ksiegowe-5.jpg,0,no,needs_review,"pricing,socials"
biuro-rachunkowe-agnieszka-miskiewicz,Biuro Rachunkowe Agnieszka Miśkiewicz,biuro@br-miskiewicz.pl,https://br-miskiewicz.pl,jednoosobowe,stacjonarnie,https://br-miskiewicz.pl/img/favo.png,https://br-miskiewicz.pl/img/logo-2.png,https://br-miskiewicz.pl/img/favo.png,0,no,needs_review,"pricing,socials"
biuro-rachunkowe-algor,Biuro Rachunkowe Algor,biuro@algor-podatki.pl,https://algor-podatki.pl,wieloosobowe,stacjonarnie,https://algor-podatki.pl/images/ksi_bg.jpg,https://algor-podatki.pl/images/algor_logo.png,https://algor-podatki.pl/images/ksi_bg.jpg,0,no,needs_review,"pricing,socials"
biuro-rachunkowe-aneta-milewska-koz-owska-ksiegowosc-us-ugi-ksiegowe,Biuro Rachunkowe Aneta Milewska- Kozłowska Księgowość Usługi Księgowe,info@biurorachunkowemilewska.pl,https://biurorachunkowemilewska.pl,wieloosobowe,stacjonarnie,https://biurorachunkowemilewska.pl/images/2025/12/08/dsc_1505.jpg,https://biurorachunkowemilewska.pl/images/LOGO/logo-bez-tla-napis2.png,https://biurorachunkowemilewska.pl/images/2025/12/08/dsc_1505.jpg,0,no,needs_review,"pricing,socials"
biuro-rachunkowe-b-b-i,Biuro Rachunkowe B&B I,bb.poznan.pl@gmail.com,https://biuro-bb.pl,wieloosobowe,stacjonarnie,https://biuro-bb.pl/images/design/content-kompleksowa-obsluga-ksiegowa.webp,https://biuro-bb.pl/images/design/logo.webp,https://biuro-bb.pl/images/design/content-kompleksowa-obsluga-ksiegowa.webp,0,no,needs_review,"pricing,socials"
biuro-rachunkowe-consulting-tax-sp-z-o-o,Biuro Rachunkowe CONSULTING-TAX sp. z o.o,biuro@consulting-tax.com,https://consulting-tax.com,wieloosobowe,stacjonarnie,https://consulting-tax.com/wp-content/uploads/2024/03/tax-1.png,https://consulting-tax.com/wp-content/uploads/2024/03/Logo-Consulting-TAX.png,https://consulting-tax.com/wp-content/uploads/2024/03/tax-1.png,0,no,needs_review,"pricing,socials"
biuro-rachunkowe-dino,Biuro Rachunkowe Dino,dino@dino.poznan.pl,https://dino.poznan.pl,wieloosobowe,stacjonarnie,https://dino.poznan.pl/images/tlo2.png,https://dino.poznan.pl/images/logo10.svg,https://dino.poznan.pl/images/tlo2.png,0,no,needs_review,"pricing,socials"
biuro-rachunkowe-gama-izabela-mitkowska,Biuro Rachunkowe GAMA Izabela Mitkowska,biuro@gama-rachunkowosc.pl,https://gama-rachunkowosc.pl,jednoosobowe,stacjonarnie,https://gama-rachunkowosc.pl/wp-content/uploads/2021/08/gama_o_firmie_img1-e1424103631318.jpg,https://gama-rachunkowosc.pl/wp-content/uploads/2021/08/gama_logo-1.png,https://gama-rachunkowosc.pl/wp-content/uploads/2021/08/gama_o_firmie_img1-e1424103631318.jpg,0,no,needs_review,"pricing,socials"
biuro-rachunkowe-kmt-finance,Biuro Rachunkowe KMT Finance,office@kmtfinance.pl,https://kmtfinance.pl,wieloosobowe,hybrydowo,https://kmtfinance.pl/wp-content/uploads/2025/03/zdjecie-4.png,https://kmtfinance.pl/wp-content/uploads/2025/04/logo-2.png,https://kmtfinance.pl/wp-content/uploads/2025/03/zdjecie-4.png,0,no,needs_review,"pricing,socials"
biuro-rachunkowe-krzysztof-bejgerowski,Biuro Rachunkowe Krzysztof Bejgerowski,biuro@brkb.pl,https://brkb.pl,wieloosobowe,stacjonarnie,https://brkb.pl/wp-content/uploads/2021/08/czlowiek-z-dlugopisem.jpg,https://brkb.pl/wp-content/uploads/2021/08/logo-1.png,https://brkb.pl/wp-content/uploads/2021/08/czlowiek-z-dlugopisem.jpg,0,no,needs_review,"pricing,socials"
biuro-rachunkowe-mm-accounting-sp-z-o-o,Biuro Rachunkowe MM Accounting Sp. z o.o,biuro@mm-accounting.pl,https://mm-accounting.pl,wieloosobowe,stacjonarnie,https://mm-accounting.pl/wp-content/uploads/2009/11/photo_9265_20091029-300x225.jpg,http://mm-accounting.pl/wp-content/uploads/2025/02/cropped-logo_tablica-1.jpg,https://mm-accounting.pl/wp-content/uploads/2009/11/photo_9265_20091029-300x225.jpg,0,no,needs_review,"pricing,socials"
biuro-rachunkowe-molard,Biuro rachunkowe MOLARD,biuro@molard.pl,https://molard.pl,nieokreslone,hybrydowo,https://molard.pl/wp-content/uploads/2025/12/office-620822_1280-1024x680.jpg,https://molard.pl/wp-content/uploads/2025/12/cropped-Molard-br-logo-transparent-319x100.png,https://molard.pl/wp-content/uploads/2025/12/bookkeeping-615384_1280.jpg,3,no,needs_review,"team_type,socials"
biuro-rachunkowe-ms-monika-stefaniak-poznan,Biuro Rachunkowe MS Monika Stefaniak Poznań,msbiurostefaniak@gmail.com,https://biurorachunkowems.pl,jednoosobowe,stacjonarnie,https://biurorachunkowems.pl/images/design/visual-a.webp,https://biurorachunkowems.pl/images/design/logo.webp,https://biurorachunkowems.pl/images/design/visual-a.webp,0,no,needs_review,"pricing,socials"
biuro-rachunkowe-natalia-wanat,Biuro Rachunkowe Natalia Wanat,natalia@ksiegowosc-wanat.com,https://ksiegowosc-wanat.com,jednoosobowe,stacjonarnie,"https://static.wixstatic.com/media/11062b_fc9c95ad7e20472ca5b659bd7bc733f1f000.jpg/v1/fill/w_112,h_63,al_c,q_80,usm_0.66_1.00_0.01,blur_2,enc_avif,quality_auto/11062b_fc9c95ad7e20472ca5b659bd7bc733f1f000.jpg",,https://www.ksiegowosc-wanat.com/media/cc1942_20b71a99ad6649829ddc0721b53c5300%7Emv2.jpg,0,yes,needs_review,"logo,pricing"
biuro-rachunkowe-pit,Biuro Rachunkowe PIT,biuro@pitbiuro.pl,https://pitbiuro.pl,nieokreslone,stacjonarnie,https://pitbiuro.pl/assets/images/mail.png,https://pitbiuro.pl/assets/images/pit-biuro-logotyp.png,https://pitbiuro.pl/assets/images/mail.png,7,no,needs_review,"team_type,socials"
biuro-rachunkowe-poznan-noblesse,Biuro Rachunkowe Poznań Noblesse,biuro@noblesse.com.pl,https://noblesse.com.pl,wieloosobowe,stacjonarnie,https://noblesse.com.pl/wp-content/uploads/2021/11/3-Kancelaria-Noblesse-Biuro-Rachunkowe-Poznan-Warszawa-768x520.jpg,https://noblesse.com.pl/wp-content/uploads/2021/09/cropped-cropped-LOGO-NOBLESSE.png,https://noblesse.com.pl/wp-content/uploads/2022/02/Trojkat-Uslugi-ksiegowe-kancelaria-poznan-862x1024.png,0,no,needs_review,"pricing,socials"
biuro-rachunkowe-poznan-nowoczesne-systemy-finansowe,Biuro rachunkowe Poznań Nowoczesne Systemy Finansowe,lukasz.biernat@nsf.com.pl,https://nsf.com.pl,wieloosobowe,hybrydowo,https://nsf.com.pl/wp-content/uploads/2021/12/xoffice-work-g9ba3a6c31_1920-1024x688.jpg.pagespeed.ic.TlYAwQW7PT.jpg,https://cdn.trustindex.io/assets/platform/Google/logo.svg,https://nsf.com.pl/wp-content/uploads/2021/11/xphoto_home.png.pagespeed.ic.1ijRjCn1zT.jpg,0,no,needs_review,"pricing,socials"
bras7-pl-biuro-rachunkowe,bras7.pl Biuro Rachunkowe,biuro.rachunkowe.sniatkowski@bras7.pl,https://bras7.pl,wieloosobowe,stacjonarnie,https://www.bras7.pl/grafika/biurorachunkowe.png,,https://www.bras7.pl/grafika/biurorachunkowe.png,4,no,needs_review,"logo,socials"
fineko-accounting-poznan,Fineko. Accounting Poznan,kancelaria@fineko.com.pl,https://fineko.com.pl,jednoosobowe,stacjonarnie,/images/hero-accountant.jpg,https://www.fineko.com.pl/sites/all/themes/fineko/images/fineko-logo.png,,4,yes,needs_review,"hero_photo,team_photo"
grakon-sp-z-o-o,Grakon Sp. z o. o,biuro@grakon.com.pl,https://grakon.com.pl,jednoosobowe,stacjonarnie,http://grakon.com.pl/web/grakon/wp-content/uploads/2024/03/element_01.png,http://grakon.com.pl/web/grakon/wp-content/uploads/2024/03/Logo_Grakon.png,http://grakon.com.pl/web/grakon/wp-content/uploads/2024/03/element_01.png,0,no,needs_review,"pricing,socials"
jeske-magdalena-auditor-accounting-office,Jeske Magdalena auditor. accounting Office,magdalena.jeske@mjbiuro.pl,https://mjbiuro.pl,wieloosobowe,stacjonarnie,http://www.mjbiuro.pl/_layout/images/banner_magdalena_jeske.png,http://www.mjbiuro.pl/_layout/images/logo3.png,http://www.mjbiuro.pl/_layout/images/banner_magdalena_jeske.png,0,no,needs_review,"pricing,socials"
jp-joanna-niedworok-nowak,JP Joanna Niedworok-Nowak,biuro@ibiurorachunkowe.net,https://ibiurorachunkowe.net,wieloosobowe,stacjonarnie,https://ibiurorachunkowe.net/img/o-firmie.jpg,https://ibiurorachunkowe.net/img/logo.png,https://ibiurorachunkowe.net/img/o-firmie.jpg,0,no,needs_review,"pricing,socials"
kancelaria-laurus-sp-z-o-o,Kancelaria Laurus sp. z o.o,biuro@laurus.poznan.pl,https://laurus.poznan.pl,wieloosobowe,hybrydowo,https://laurus.poznan.pl/img/flag/United-Kingdom.png,https://laurus.poznan.pl/img/logo.png,https://laurus.poznan.pl/img/flag/United-Kingdom.png,0,no,needs_review,"pricing,socials"
katarzyna-burzynska,Katarzyna Burzyńska,biuro@obslugaspolek.pl,https://obslugaspolek.pl,jednoosobowe,stacjonarnie,https://obslugaspolek.pl/assets/img/cik-baner.png,,https://obslugaspolek.pl/assets/img/cik-baner.png,2,no,needs_review,"logo,socials"
ksiegowa-ewa-wojciechowska,Księgowa Ewa Wojciechowska,biuro@ksiegowa-sowa.pl,https://ksiegowa-sowa.pl,wieloosobowe,stacjonarnie,https://www.ksiegowa-sowa.pl/wp-content/uploads/2017/10/fotolia_92959736-1.jpg,,https://www.ksiegowa-sowa.pl/wp-content/uploads/2017/10/cik-300x300.jpg,2,no,needs_review,"logo,socials"
marta-sowa,Marta Sowa,biuro@ksiegowa-sowa.pl,https://ksiegowa-sowa.pl,wieloosobowe,stacjonarnie,https://www.ksiegowa-sowa.pl/wp-content/uploads/2017/10/fotolia_92959736-1.jpg,,https://www.ksiegowa-sowa.pl/wp-content/uploads/2017/10/cik-300x300.jpg,2,no,needs_review,"logo,socials"
renata-pempera-biuro-rachunkowe,Renata Pempera Biuro Rachunkowe,biuro@pempera.pl,https://pempera.pl,wieloosobowe,stacjonarnie,https://pempera.pl/images/design/kalkulator.png,https://pempera.pl/images/design/logo.png,https://pempera.pl/images/design/kalkulator.png,0,no,needs_review,"pricing,socials"
biuro-rachunkowe,Biuro Rachunkowe,biuro@podatkowezacisze.pl,https://podatkowezacisze.pl,wieloosobowe,stacjonarnie,/images/hero-accountant.jpg,https://www.podatkowezacisze.pl/images/vector_a_arrow_logo2.png,,1,no,needs_review,"hero_photo,team_photo,socials"
biuro-rachunkowe-merito-poznan,Biuro Rachunkowe Merito Poznań,kontakt@biuromerito.pl,https://biuromerito.pl,jednoosobowe,hybrydowo,https://biuromerito.pl/user/pages/01.home/01._hero/merito3.png,,https://biuromerito.pl/user/plugins/language-selector/flags/pl.png,0,no,needs_review,"logo,pricing,socials"
biuro-rachunkowe-mk-bilans,Biuro Rachunkowe MK-BILANS,kontakt@mkbilans.pl,https://mkbilans.pl,nieokreslone,stacjonarnie,https://mkbilans.pl/files/slider/big/137578272415200c74421c92133233597.jpg,,https://mkbilans.pl/files/slider/big/137578272415200c74421c92133233597.jpg,1,no,needs_review,"logo,team_type,socials"
biuro-rachunkowe-poznan-3,Biuro Rachunkowe Poznań,biuro@parkidea.pl,https://biurorachunkowepoznan.org,wieloosobowe,stacjonarnie,https://biurorachunkowepoznan.org/wp-content/themes/surya-chandra-lite/images/default-banner.jpg,,https://biurorachunkowepoznan.org/wp-content/uploads/2022/09/zalety-1.jpg,0,no,needs_review,"logo,pricing,socials"
biuro-rachunkowe-sodelis,Biuro Rachunkowe SODELIS,biuro@sodelis.pl,https://sodelis.pl,nieokreslone,stacjonarnie,https://sodelis.pl/wp-content/uploads/2023/05/left-arrow3-1-150x150.jpg,https://sodelis.pl/wp-content/uploads/2023/05/LOGO_kandelaria-doradztwa-gospodarczego-2.jpg,https://sodelis.pl/wp-content/uploads/2023/05/left-arrow3-1-150x150.jpg,0,no,needs_review,"team_type,pricing,socials"
centrum-us-ug-rachunkowych,Centrum Usług Rachunkowych,biuro@centrumrachunkowe.poznan.pl,https://centrumrachunkowe.poznan.pl,jednoosobowe,stacjonarnie,http://webkreator.trol.pl/webkreator/_users_dir//2378/files//baner_01.jpg,,http://centrumrachunkowe.poznan.pl/img/maska.png,0,no,needs_review,"logo,pricing,socials"
in-come-sp-z-o-o,IN.COME Sp. z o. o,bok@neofin.pl,https://in-come.pl,wieloosobowe,stacjonarnie,/images/hero-accountant.jpg,https://in-come.pl/assets/template_1/images/logo.png,,8,no,needs_review,"hero_photo,team_photo,socials"
ksiegowy-expert,Księgowy EXPERT,biuro@ksiegowyexpert.pl,https://ksiegowyexpert.pl,wieloosobowe,stacjonarnie,/images/hero-accountant.jpg,https://ksiegowyexpert.pl/images/xlogo.png.pagespeed.ic.F--E7-5g1k.png,https://ksiegowyexpert.pl/images/xlogo.png.pagespeed.ic.F--E7-5g1k.png,0,no,needs_review,"hero_photo,pricing,socials"
smctax,SmcTax,biuro@smctax.pl,https://smctax.pl,nieokreslone,stacjonarnie,https://www.smctax.pl/images/system-messages.jpg,,https://www.smctax.pl/images/system-messages.jpg,0,no,needs_review,"logo,team_type,pricing,socials"
zmarz-jolanta-biuro-rachunkowe,Zmarz Jolanta. Biuro rachunkowe,kontakt@xxl.pl,https://zmarz.poznan.pl,jednoosobowe,stacjonarnie,/images/hero-accountant.jpg,https://zmarz.poznan.pl/logo1.gif,,0,no,needs_review,"hero_photo,team_photo,pricing,socials"
polskie-centrum-rachunkowosci,Polskie Centrum Rachunkowości,biuro@polskiecentrumrachunkowosci.pl,https://polskiecentrumrachunkowosci.pl,jednoosobowe,stacjonarnie,/images/hero-accountant.jpg,,,0,no,needs_review,"hero_photo,logo,team_photo,pricing,socials"
hencel-biuro-rachunkowe-poznan,Hencel biuro rachunkowe Poznań,biurohencel@gmail.com,,jednoosobowe,stacjonarnie,/images/hero-accountant.jpg,,,0,no,needs_review,"website,hero_photo,logo,team_photo,pricing,socials"
infakt,inFakt,info@infakt.pl,https://infakt.pl,nieokreslone,stacjonarnie,/images/hero-accountant.jpg,,,0,no,needs_review,"hero_photo,logo,team_photo,team_type,pricing,socials"
kancelaria-rachunkowa-kmn-prestige-spo-ka-z-ograniczona,KANCELARIA RACHUNKOWA KMN PRESTIGE SPÓŁKA Z OGRANICZONĄ,kontakt@kmnprestige.pl,https://kmnprestige.pl,wieloosobowe,stacjonarnie,/images/hero-accountant.jpg,,,0,no,needs_review,"website,hero_photo,logo,team_photo,pricing,socials"
libra-biuro-rachunkowe,Libra Biuro Rachunkowe,libra.biuro@wp.pl,https://librabiuro.pl,nieokreslone,stacjonarnie,/images/hero-accountant.jpg,,,0,no,needs_review,"hero_photo,logo,team_photo,team_type,pricing,socials"
